TransactionID,CustomerID,AccountID,AccountType,TransactionType,Product,Firm,Region,Manager,TransactionDate,TransactionAmount,AccountBalance,RiskScore,CreditRating,TenureMonths
3,CUST2412,ACC80131,Loan,Withdrawal,Personal Loan,Firm C,West,Manager 3,6/8/2023,33759.69057,126486.4083,0.225823659,611,89
32,CUST1467,ACC74631,Current,Withdrawal,Home Loan,Firm D,North,Manager 2,8/11/2023,69319.19933,24834.76291,0.335717434,817,174
9,CUST2699,ACC39482,Loan,Withdrawal,Credit Card,Firm D,West,Manager 4,15-05-2024,42831.48483,123007.4353,0.572452967,332,31
42,CUST9535,ACC82947,Current,Withdrawal,Home Loan,Firm A,South,Manager 4,30-04-2023,70903.79697,73073.64225,0.57199349,626,92
166,CUST7459,ACC39500,Credit,Payment,Home Loan,Firm D,South,Manager 4,16-02-2023,21948.97355,113405.3282,0.380675227,411,13
53,CUST1749,ACC24880,Credit,Withdrawal,Savings Account,Firm C,Central,Manager 3,15-05-2024,61034.46765,35846.56353,0.389493099,476,68
27,CUST2427,ACC35163,Credit,Deposit,Mutual Fund,Firm B,Central,Manager 1,23-04-2023,56259.32447,102834.1717,0.438508736,332,69
102,CUST5320,ACC26940,Credit,Withdrawal,Savings Account,Firm A,Central,Manager 2,6/3/2023,53795.85329,48381.41369,0.368910408,498,81
83,CUST5574,ACC29007,Current,Withdrawal,Savings Account,Firm A,East,Manager 1,24-05-2024,80884.33957,77522.67167,0.618700039,645,184
158,CUST3041,ACC81631,Current,Withdrawal,Personal Loan,Firm A,East,Manager 2,10/9/2023,105066.722,122057.4617,1.133564864,510,28
19,CUST6776,ACC71426,Savings,Payment,Savings Account,Firm C,South,Manager 1,5/2/2024,38215.2402,98943.63549,0.528519591,423,157
44,CUST8155,ACC83269,Loan,Withdrawal,Mutual Fund,Firm A,East,Manager 4,14-04-2023,62666.16739,54430.48674,0.627388942,388,209
55,CUST6038,ACC83269,Loan,Withdrawal,Savings Account,Firm C,North,Manager 2,5/2/2024,43845.86062,65073.92948,0.77549717,547,116
120,CUST4461,ACC21429,Credit,Deposit,Credit Card,Firm E,South,Manager 3,5/3/2024,55367.52407,62321.81447,0.852430725,578,112
89,CUST3602,ACC25132,Savings,Deposit,Personal Loan,Firm C,Central,Manager 2,18-03-2023,57908.33009,125378.9661,0.292767904,445,70
177,CUST4461,ACC62446,Loan,Payment,Credit Card,Firm A,Central,Manager 3,1/7/2023,20145.08665,32040.72632,1.047338491,317,123
54,CUST5574,ACC77773,Current,Payment,Savings Account,Firm E,Central,Manager 1,25-07-2023,48759.097,56796.94466,0.578380384,695,221
44,CUST2018,ACC24070,Savings,Withdrawal,Credit Card,Firm A,East,Manager 2,26-10-2023,75840.86116,107650.8921,0.273062513,386,15
49,CUST6735,ACC28305,Loan,Withdrawal,Savings Account,Firm C,West,Manager 1,26-03-2023,-739.3925648,51949.38325,0.385803255,645,16
90,CUST6549,ACC95164,Current,Payment,Home Loan,Firm E,South,Manager 3,1/4/2024,31539.43469,57976.91541,0.400760107,463,96
117,CUST4126,ACC32627,Savings,Transfer,Mutual Fund,Firm E,East,Manager 2,5/7/2023,27384.52171,59172.73309,0.597466564,658,76
17,CUST8416,ACC49422,Loan,Transfer,Savings Account,Firm B,South,Manager 1,8/1/2023,9816.891316,62410.53689,0.337920178,699,22
144,CUST7098,ACC24070,Credit,Transfer,Personal Loan,Firm A,Central,Manager 1,22-10-2023,60326.25528,50991.81727,0.628900621,606,97
111,CUST1467,ACC81631,Savings,Deposit,Savings Account,Firm B,South,Manager 2,17-01-2024,70661.59074,17430.91572,0.39046713,519,203
182,CUST2694,ACC18057,Credit,Deposit,Mutual Fund,Firm B,South,Manager 1,4/5/2023,90849.07865,76082.18895,0.305074301,755,229
167,CUST1189,ACC64022,Savings,Withdrawal,Personal Loan,Firm A,East,Manager 3,6/7/2023,32216.39694,96429.52405,1.027816719,804,43
170,CUST7994,ACC82298,Current,Deposit,Home Loan,Firm E,Central,Manager 4,6/11/2023,50272.62288,72393.22688,0.502416931,458,216
183,CUST2541,ACC77533,Loan,Transfer,Personal Loan,Firm A,North,Manager 4,21-05-2023,80286.10029,56498.5813,0.87881719,821,231
25,CUST6549,ACC92360,Credit,Transfer,Personal Loan,Firm A,East,Manager 4,14-02-2023,19684.70635,50632.49723,0.229683979,795,153
110,CUST4438,ACC22255,Loan,Payment,Credit Card,Firm B,West,Manager 3,9/1/2023,85808.8888,50165.33304,0.294886506,541,148
88,CUST6837,ACC55729,Credit,Deposit,Credit Card,Firm C,North,Manager 2,23-10-2023,47653.86702,73822.21642,-0.138931443,823,6
6,CUST1547,ACC53466,Current,Deposit,Personal Loan,Firm D,Central,Manager 2,21-02-2023,61624.22968,58729.39898,-0.010467857,675,222
9,CUST9169,ACC25811,Savings,Transfer,Mutual Fund,Firm D,North,Manager 4,26-09-2023,16210.42058,57152.50097,0.845805129,739,133
86,CUST3153,ACC90887,Savings,Deposit,Personal Loan,Firm D,West,Manager 2,30-04-2023,-14799.65488,20517.30699,0.42886377,732,128
176,CUST5174,ACC29646,Savings,Payment,Personal Loan,Firm D,East,Manager 4,8/9/2023,21165.4217,87994.08304,0.449200799,461,26
3,CUST6210,ACC52131,Credit,Transfer,Home Loan,Firm D,East,Manager 1,23-03-2024,65632.21696,111070.3611,0.245716263,617,36
46,CUST2842,ACC55729,Loan,Transfer,Savings Account,Firm A,East,Manager 2,14-07-2023,79901.51035,33162.3022,0.87721913,586,106
159,CUST8660,ACC35419,Current,Payment,Home Loan,Firm B,South,Manager 4,21-12-2023,9185.129848,87686.42884,0.821384818,542,82
7,CUST2612,ACC18140,Savings,Payment,Home Loan,Firm E,East,Manager 1,16-04-2024,57987.89568,34655.25679,0.575228023,334,162
97,CUST1644,ACC91723,Savings,Payment,Savings Account,Firm B,Central,Manager 2,25-11-2023,78473.96505,63323.71981,0.311506414,636,209
27,CUST4884,ACC34568,Loan,Payment,Savings Account,Firm B,South,Manager 2,15-05-2023,54193.89633,55331.93567,1.086848459,429,31
144,CUST3041,ACC22799,Credit,Withdrawal,Credit Card,Firm A,North,Manager 2,11/5/2023,78408.43123,62264.97487,0.75919459,491,194
3,CUST1415,ACC49422,Credit,Deposit,Home Loan,Firm B,West,Manager 4,8/6/2024,42782.35491,26288.25743,0.475975375,377,11
130,CUST9129,ACC70314,Loan,Withdrawal,Credit Card,Firm E,North,Manager 1,17-06-2023,22368.60025,45934.66637,0.418228799,304,101
59,CUST5500,ACC45101,Current,Withdrawal,Credit Card,Firm E,West,Manager 3,14-04-2023,19179.48066,91334.87256,0.413373631,496,209
191,CUST4769,ACC24508,Credit,Transfer,Mutual Fund,Firm A,South,Manager 3,2/1/2023,38143.72284,97599.71847,-0.023594427,557,89
142,CUST9420,ACC24508,Credit,Payment,Mutual Fund,Firm D,West,Manager 1,20-06-2023,29225.68113,55543.4476,0.558829359,461,22
177,CUST1609,ACC88074,Credit,Transfer,Savings Account,Firm E,South,Manager 2,25-04-2024,14133.38401,58336.7639,0.855442973,554,116
171,CUST1644,ACC25811,Current,Payment,Credit Card,Firm C,Central,Manager 3,12/1/2024,50189.23333,13996.11951,-0.020743278,312,63
177,CUST4003,ACC30852,Loan,Payment,Credit Card,Firm E,South,Manager 1,17-07-2023,68209.7527,116972.0908,1.063895655,434,160
32,CUST8279,ACC62446,Loan,Withdrawal,Credit Card,Firm C,Central,Manager 1,26-03-2023,44837.07729,101775.2161,0.49883264,370,211
14,CUST4769,ACC34568,Loan,Withdrawal,Home Loan,Firm D,East,Manager 2,25-07-2023,57559.69967,70917.47494,0.383041452,428,181
114,CUST1962,ACC50817,Loan,Withdrawal,Credit Card,Firm D,South,Manager 3,24-05-2024,48524.43739,44669.00491,0.393132623,453,103
178,CUST1189,ACC50439,Savings,Deposit,Savings Account,Firm D,East,Manager 1,16-06-2024,-60979.07348,57916.06101,0.160987711,655,17
65,CUST2805,ACC65545,Credit,Transfer,Personal Loan,Firm B,North,Manager 2,13-02-2024,42525.62472,91348.52625,0.591298687,417,45
93,CUST8390,ACC99409,Loan,Payment,Home Loan,Firm E,South,Manager 2,16-10-2023,71890.72128,11630.00487,0.405547536,657,226
174,CUST2915,ACC25811,Current,Payment,Savings Account,Firm C,South,Manager 2,15-01-2023,73107.33839,72482.05316,0.71455308,751,216
42,CUST8765,ACC28295,Current,Deposit,Home Loan,Firm B,South,Manager 1,7/6/2024,-405.1526228,110327.9416,0.867588872,392,111
195,CUST1776,ACC51971,Credit,Transfer,Credit Card,Firm B,East,Manager 1,3/3/2023,41874.30318,21636.02652,0.336857004,698,238
156,CUST5610,ACC71938,Current,Withdrawal,Credit Card,Firm A,West,Manager 3,27-05-2024,83025.34324,48597.84086,0.880011659,403,143
184,CUST2357,ACC70314,Current,Deposit,Credit Card,Firm E,West,Manager 3,11/6/2024,26263.16371,63524.7874,0.444938217,442,144
6,CUST4855,ACC53865,Loan,Payment,Credit Card,Firm E,West,Manager 1,20-01-2024,49980.23329,105442.376,0.348201443,318,106
55,CUST8344,ACC33287,Credit,Withdrawal,Credit Card,Firm A,West,Manager 4,6/6/2023,41495.61915,183836.9338,0.397573986,710,7
4,CUST6319,ACC22036,Credit,Transfer,Mutual Fund,Firm C,West,Manager 1,21-04-2024,44417.98551,43740.32604,0.456135023,512,72
2,CUST1223,ACC30146,Savings,Payment,Personal Loan,Firm B,West,Manager 1,10/2/2023,42545.84843,95213.01069,0.365014306,786,14
26,CUST8279,ACC42467,Current,Withdrawal,Credit Card,Firm E,West,Manager 1,6/10/2023,52014.56995,125523.5787,0.542373825,439,102
101,CUST1569,ACC25811,Savings,Deposit,Savings Account,Firm A,North,Manager 3,20-11-2023,34220.28874,61183.88854,0.626806956,519,203
64,CUST1121,ACC95774,Savings,Payment,Mutual Fund,Firm E,East,Manager 2,25-11-2023,48329.69573,73060.9004,0.409928556,681,239
96,CUST1223,ACC58667,Credit,Payment,Home Loan,Firm D,North,Manager 4,30-01-2023,83531.57251,29666.76747,0.965695215,326,53
128,CUST4763,ACC52131,Credit,Transfer,Mutual Fund,Firm D,Central,Manager 3,13-02-2024,5420.735232,115828.4262,0.49741637,724,165
162,CUST8529,ACC21719,Loan,Payment,Home Loan,Firm E,South,Manager 1,22-06-2024,39052.64128,66730.05068,1.028083611,792,229
130,CUST3306,ACC38559,Credit,Payment,Credit Card,Firm E,East,Manager 4,26-02-2023,82390.38999,74142.51045,0.651417926,445,79
160,CUST1498,ACC19178,Loan,Payment,Personal Loan,Firm A,North,Manager 2,18-02-2024,50019.41761,106488.8941,0.522612991,365,202
15,CUST2626,ACC99117,Savings,Deposit,Home Loan,Firm B,Central,Manager 2,21-05-2023,108398.88,45976.42758,0.332425193,316,31
26,CUST4625,ACC67713,Current,Deposit,Mutual Fund,Firm A,South,Manager 2,10/1/2023,60816.42692,131231.6702,0.587758266,625,126
174,CUST4780,ACC21429,Credit,Deposit,Personal Loan,Firm A,North,Manager 4,15-04-2024,24250.49236,46371.3319,0.555295953,816,112
27,CUST5912,ACC28612,Credit,Withdrawal,Credit Card,Firm C,West,Manager 3,30-04-2023,83026.25877,62674.47063,0.376322639,703,136
113,CUST7651,ACC39161,Credit,Withdrawal,Mutual Fund,Firm D,North,Manager 1,30-04-2023,39275.29517,79762.12696,0.295581822,465,114
118,CUST3015,ACC77638,Loan,Transfer,Savings Account,Firm B,East,Manager 2,28-01-2023,17739.15438,28247.082,0.749102689,315,230
97,CUST9169,ACC86784,Credit,Deposit,Personal Loan,Firm C,South,Manager 4,24-10-2023,38575.28936,55142.70322,0.485369595,481,237
130,CUST7388,ACC81631,Current,Withdrawal,Mutual Fund,Firm A,North,Manager 2,18-06-2023,98620.49477,35356.89429,0.726769992,697,47
104,CUST2716,ACC51593,Savings,Withdrawal,Home Loan,Firm A,South,Manager 2,26-03-2023,75652.20273,143777.6874,0.260906068,763,124
148,CUST8279,ACC71426,Loan,Payment,Mutual Fund,Firm D,South,Manager 2,5/2/2023,67716.45905,99351.13522,0.390675192,325,103
103,CUST6350,ACC77773,Savings,Transfer,Savings Account,Firm A,Central,Manager 4,22-10-2023,21857.18738,66889.93517,0.283879033,759,169
21,CUST1569,ACC52650,Savings,Deposit,Home Loan,Firm B,Central,Manager 1,25-04-2024,7173.703028,81603.09656,0.48851466,356,202
30,CUST2942,ACC67713,Current,Deposit,Home Loan,Firm A,Central,Manager 3,16-04-2024,30635.17445,68878.29507,0.42850592,729,75
76,CUST2349,ACC61827,Credit,Payment,Home Loan,Firm B,South,Manager 2,27-05-2024,33306.53184,11724.51773,0.668770092,437,156
77,CUST2578,ACC64785,Credit,Transfer,Home Loan,Firm C,South,Manager 3,19-06-2023,42802.68233,85417.4402,0.545379035,612,109
165,CUST4769,ACC17688,Savings,Deposit,Mutual Fund,Firm E,North,Manager 1,3/4/2023,55026.36788,127167.2313,0.502158222,756,226
80,CUST1223,ACC51009,Credit,Payment,Mutual Fund,Firm D,East,Manager 1,30-03-2024,78691.7008,63415.24602,0.227338664,347,46
111,CUST1840,ACC34431,Loan,Deposit,Savings Account,Firm E,Central,Manager 3,11/4/2023,35708.44449,109817.9071,0.983961308,560,95
112,CUST1913,ACC57700,Savings,Deposit,Savings Account,Firm C,West,Manager 4,15-05-2024,73061.95398,90819.7791,0.525239569,714,137
131,CUST6330,ACC42710,Current,Deposit,Personal Loan,Firm B,North,Manager 4,1/4/2024,20819.59217,59216.75897,0.459007018,814,224
158,CUST5121,ACC22036,Credit,Deposit,Personal Loan,Firm B,West,Manager 1,10/12/2023,49334.60158,77510.04627,0.449614599,562,156
176,CUST9564,ACC29396,Savings,Transfer,Personal Loan,Firm C,South,Manager 3,9/4/2023,44278.1196,71569.35915,0.493160401,407,18
115,CUST9066,ACC83581,Credit,Deposit,Credit Card,Firm E,North,Manager 3,26-09-2023,106864.233,58141.5657,0.304070704,663,102
93,CUST5121,ACC51593,Loan,Transfer,Mutual Fund,Firm B,Central,Manager 1,29-11-2023,33045.16826,119274.8763,0.866197152,312,157
67,CUST6391,ACC26940,Current,Payment,Home Loan,Firm A,South,Manager 4,16-03-2023,-25964.94612,94822.29734,0.639771117,315,209
49,CUST8250,ACC77533,Credit,Transfer,Credit Card,Firm E,Central,Manager 2,22-05-2024,69245.74015,128457.1405,-0.333915292,737,153
108,CUST2699,ACC31539,Loan,Payment,Home Loan,Firm C,Central,Manager 4,18-11-2023,67374.47703,68883.17232,0.508873268,722,7
137,CUST8344,ACC97411,Current,Deposit,Credit Card,Firm B,East,Manager 1,6/7/2023,29251.62001,47476.85331,0.203530772,793,50
174,CUST8765,ACC47099,Loan,Transfer,Credit Card,Firm C,Central,Manager 4,20-11-2023,41973.02733,116791.6989,0.614247705,820,140
168,CUST4769,ACC57516,Current,Payment,Personal Loan,Firm E,South,Manager 3,26-05-2023,54309.34491,-1308.418354,1.079203843,760,81
162,CUST3041,ACC29396,Current,Transfer,Personal Loan,Firm C,South,Manager 2,3/3/2023,47172.59396,71658.56392,0.470199658,327,34
130,CUST1609,ACC32212,Current,Payment,Mutual Fund,Firm D,South,Manager 2,26-04-2023,33715.75669,69700.83893,0.406684893,824,24
91,CUST8266,ACC28612,Savings,Payment,Mutual Fund,Firm D,North,Manager 1,30-04-2023,21116.34879,164902.9397,0.913824023,531,90
4,CUST1555,ACC42710,Current,Deposit,Credit Card,Firm C,West,Manager 4,30-04-2023,116115.919,100093.1745,0.6573787,347,145
9,CUST8318,ACC51009,Credit,Withdrawal,Credit Card,Firm E,West,Manager 4,28-01-2023,53348.15016,54215.6022,0.363093564,489,41
95,CUST8874,ACC77773,Credit,Payment,Personal Loan,Firm D,South,Manager 1,26-09-2023,75176.25277,57862.97652,0.334544282,676,221
31,CUST8288,ACC55331,Loan,Transfer,Personal Loan,Firm B,South,Manager 2,26-04-2023,38439.32578,112434.7074,0.252634157,648,206
67,CUST6525,ACC87602,Loan,Deposit,Home Loan,Firm C,Central,Manager 2,25-07-2023,42861.34782,102611.7793,0.728510341,321,26
165,CUST3306,ACC62809,Savings,Payment,Credit Card,Firm D,South,Manager 2,6/11/2023,117770.1344,71143.47285,0.78981892,383,60
89,CUST7855,ACC45907,Credit,Deposit,Mutual Fund,Firm E,South,Manager 3,18-03-2023,104226.6787,12678.53326,0.497440042,316,98
106,CUST1547,ACC10996,Credit,Deposit,Personal Loan,Firm C,North,Manager 4,19-10-2023,92323.65567,39827.55468,0.672590936,768,198
127,CUST7994,ACC26026,Current,Withdrawal,Mutual Fund,Firm B,North,Manager 1,30-07-2023,59303.82919,98568.64569,0.90714079,835,52
122,CUST8344,ACC99117,Credit,Withdrawal,Home Loan,Firm B,East,Manager 4,29-01-2024,129471.4656,73117.8556,0.186813373,820,210
109,CUST7345,ACC26956,Credit,Payment,Personal Loan,Firm C,South,Manager 2,8/3/2023,50037.16683,94209.7697,0.166093763,774,165
191,CUST4241,ACC34821,Loan,Payment,Mutual Fund,Firm C,East,Manager 3,9/12/2023,63383.59989,73003.34353,0.284069487,396,38
84,CUST6330,ACC23985,Savings,Transfer,Credit Card,Firm A,North,Manager 1,6/1/2023,46701.83205,114126.2892,0.235466658,323,20
137,CUST6937,ACC11285,Current,Withdrawal,Mutual Fund,Firm A,West,Manager 2,24-10-2023,35033.2976,50709.7602,0.543214679,810,89
142,CUST8765,ACC76549,Savings,Payment,Personal Loan,Firm D,South,Manager 2,29-11-2023,5648.588558,74331.02805,0.010569698,670,194
41,CUST9535,ACC50817,Savings,Deposit,Mutual Fund,Firm A,East,Manager 4,22-10-2023,29747.40747,-13812.69306,0.199033775,624,167
89,CUST1888,ACC45951,Credit,Transfer,Home Loan,Firm A,East,Manager 1,4/5/2024,48085.29063,71615.9107,0.510671487,468,40
31,CUST8091,ACC15671,Loan,Deposit,Personal Loan,Firm C,West,Manager 3,26-02-2023,46920.9745,3205.454111,0.568047048,641,14
45,CUST6319,ACC11062,Current,Payment,Home Loan,Firm E,North,Manager 1,8/1/2024,65201.42294,17087.28183,0.253218452,340,222
159,CUST6776,ACC46655,Credit,Transfer,Credit Card,Firm E,Central,Manager 4,15-01-2023,41478.99056,70306.01856,0.272846523,542,156
78,CUST1467,ACC42710,Credit,Transfer,Savings Account,Firm C,Central,Manager 1,5/3/2024,100163.1302,75255.02898,0.368319597,698,114
23,CUST4855,ACC50439,Credit,Payment,Personal Loan,Firm A,North,Manager 3,5/3/2024,75344.75598,35235.40702,0.650672209,661,33
184,CUST8155,ACC30852,Savings,Deposit,Credit Card,Firm E,North,Manager 3,24-05-2023,82504.4347,104936.4518,0.464685489,403,232
161,CUST4373,ACC41829,Current,Payment,Savings Account,Firm A,North,Manager 3,22-03-2024,135972.3439,42302.00951,-0.368537163,469,175
159,CUST6776,ACC77592,Credit,Withdrawal,Personal Loan,Firm A,North,Manager 2,9/1/2023,97036.39944,55451.3236,0.548079444,382,101
69,CUST6082,ACC26973,Current,Withdrawal,Credit Card,Firm B,East,Manager 2,24-09-2023,77372.11748,68437.86336,0.547992311,707,111
165,CUST2842,ACC70741,Current,Withdrawal,Personal Loan,Firm A,South,Manager 2,4/5/2024,59910.92302,90542.70921,0.521455757,828,150
179,CUST6776,ACC54589,Current,Deposit,Personal Loan,Firm C,East,Manager 1,21-03-2024,52990.55976,20578.04633,0.401065473,320,159
178,CUST9248,ACC82926,Credit,Withdrawal,Home Loan,Firm C,North,Manager 2,8/6/2024,93384.52157,60905.64718,0.655624974,562,54
116,CUST9564,ACC30852,Loan,Deposit,Savings Account,Firm A,South,Manager 2,21-02-2023,57014.91451,88662.44666,0.462992402,474,131
55,CUST3378,ACC57597,Current,Deposit,Home Loan,Firm C,South,Manager 3,3/4/2023,52144.2015,54847.98943,0.483146813,553,68
33,CUST5894,ACC49140,Loan,Withdrawal,Personal Loan,Firm A,West,Manager 4,26-04-2023,-8237.127409,91607.388,0.553221474,494,187
71,CUST8279,ACC45907,Savings,Withdrawal,Savings Account,Firm D,North,Manager 4,26-05-2023,125896.5173,26843.02225,0.188483617,515,206
23,CUST2527,ACC60432,Current,Payment,Home Loan,Firm D,South,Manager 2,23-10-2023,66265.30612,60392.78525,0.171359471,795,190
24,CUST4884,ACC74631,Current,Payment,Mutual Fund,Firm E,Central,Manager 3,10/3/2023,32754.20789,98560.81856,0.381745169,775,177
44,CUST3725,ACC10996,Credit,Transfer,Savings Account,Firm D,South,Manager 4,6/11/2023,-9775.982714,105586.1481,0.183834099,383,172
119,CUST7255,ACC80442,Loan,Payment,Home Loan,Firm A,North,Manager 3,26-03-2023,92556.16048,79366.32089,0.561191127,332,113
30,CUST2527,ACC41829,Savings,Payment,Home Loan,Firm A,East,Manager 2,20-04-2024,51173.33583,86327.3184,0.892030739,358,167
30,CUST4402,ACC28154,Savings,Transfer,Credit Card,Firm D,North,Manager 1,19-04-2023,46269.48058,33342.87007,0.371502524,492,102
145,CUST2541,ACC15671,Loan,Deposit,Mutual Fund,Firm C,West,Manager 1,22-03-2024,59298.83404,64054.64105,0.601746119,538,63
30,CUST1840,ACC88516,Loan,Transfer,Mutual Fund,Firm D,East,Manager 4,6/6/2023,38656.20688,79656.42155,0.271103693,326,235
113,CUST6028,ACC49774,Credit,Withdrawal,Home Loan,Firm A,North,Manager 4,18-11-2023,22161.01926,-584.724017,0.48620765,697,159
173,CUST4003,ACC20297,Current,Payment,Mutual Fund,Firm D,North,Manager 4,3/5/2023,54630.55737,86312.30908,0.350544246,755,20
46,CUST9525,ACC82298,Current,Transfer,Home Loan,Firm C,South,Manager 4,6/1/2023,12602.72841,14886.62892,0.417884918,628,103
36,CUST3041,ACC39500,Credit,Withdrawal,Personal Loan,Firm C,West,Manager 2,17-04-2023,66233.96119,53552.9084,0.260782239,619,45
189,CUST7120,ACC18177,Loan,Payment,Mutual Fund,Firm B,Central,Manager 1,22-06-2024,47390.87113,166805.9577,0.810726818,848,208
50,CUST3131,ACC64785,Loan,Transfer,Savings Account,Firm C,East,Manager 2,1/3/2024,60193.6865,73045.43946,0.32322572,423,156
43,CUST4241,ACC61926,Credit,Payment,Mutual Fund,Firm D,East,Manager 2,10/8/2023,10393.20979,32594.70886,0.528314023,501,101
160,CUST1467,ACC32627,Loan,Transfer,Credit Card,Firm E,East,Manager 1,17-12-2023,64712.61948,44876.32373,0.645219774,638,30
37,CUST9683,ACC48303,Savings,Payment,Personal Loan,Firm B,North,Manager 4,18-08-2023,30511.51892,72026.44832,0.422349072,770,84
75,CUST3778,ACC88252,Current,Withdrawal,Home Loan,Firm C,Central,Manager 3,20-11-2023,18936.48795,68246.80257,0.525506221,826,27
22,CUST4584,ACC13357,Current,Transfer,Savings Account,Firm C,South,Manager 4,28-05-2024,64353.07817,17364.03238,0.52127248,762,194
50,CUST7395,ACC99409,Loan,Withdrawal,Home Loan,Firm A,West,Manager 4,10/12/2023,97158.08018,54295.87766,0.468137191,720,135
105,CUST9962,ACC62809,Loan,Withdrawal,Personal Loan,Firm C,East,Manager 3,19-11-2023,67517.21554,119550.5252,0.526807593,756,200
34,CUST5255,ACC96868,Credit,Deposit,Home Loan,Firm E,South,Manager 2,8/2/2024,72497.70211,64128.7373,0.725602114,385,236
116,CUST5916,ACC74631,Current,Deposit,Home Loan,Firm A,East,Manager 1,19-06-2023,49069.92382,92114.36405,0.565596204,601,89
56,CUST9439,ACC50817,Credit,Transfer,Home Loan,Firm C,West,Manager 2,22-06-2024,30400.20799,72838.62332,0.493168877,787,126
163,CUST3059,ACC88252,Credit,Payment,Savings Account,Firm A,North,Manager 4,22-05-2024,57923.75554,98172.70418,0.420645032,738,98
69,CUST2541,ACC45101,Savings,Withdrawal,Credit Card,Firm C,West,Manager 2,4/1/2024,22022.26788,87234.84753,0.936672212,553,162
62,CUST8344,ACC17688,Loan,Deposit,Mutual Fund,Firm D,South,Manager 3,10/6/2023,48549.00297,45089.22392,0.461248746,442,229
94,CUST8461,ACC92360,Savings,Payment,Savings Account,Firm A,North,Manager 2,6/2/2024,51582.26932,69571.17732,0.448731974,357,27
168,CUST1121,ACC12182,Current,Deposit,Credit Card,Firm A,West,Manager 1,15-04-2024,45259.06655,86453.58213,0.401561383,345,38
62,CUST4884,ACC32627,Savings,Withdrawal,Home Loan,Firm D,East,Manager 3,1/3/2024,29331.76807,93366.88077,0.319249012,660,146
173,CUST2578,ACC18140,Loan,Withdrawal,Savings Account,Firm B,Central,Manager 4,21-02-2024,78556.73753,76893.79752,0.693348789,406,105
135,CUST7994,ACC45101,Current,Transfer,Credit Card,Firm B,North,Manager 1,26-02-2023,65211.86397,95072.67288,0.310494886,689,185
143,CUST9666,ACC24070,Current,Transfer,Savings Account,Firm D,Central,Manager 3,13-06-2024,91977.43158,52343.1301,0.50977048,373,114
167,CUST7933,ACC51593,Credit,Payment,Personal Loan,Firm C,North,Manager 2,5/5/2023,31585.26421,49835.42876,0.343451627,509,191
96,CUST7002,ACC83005,Savings,Withdrawal,Home Loan,Firm E,West,Manager 4,10/2/2023,24692.30106,44428.71464,0.231199698,510,74
31,CUST5253,ACC26956,Savings,Transfer,Credit Card,Firm E,East,Manager 2,1/3/2024,26420.71866,81326.12702,0.98159872,419,67
132,CUST9962,ACC40952,Current,Withdrawal,Credit Card,Firm E,East,Manager 1,6/10/2023,114922.6432,78680.76419,0.965733029,433,107
60,CUST6735,ACC80131,Loan,Deposit,Credit Card,Firm C,East,Manager 3,17-07-2023,18774.68702,50188.46766,0.565489763,567,234
40,CUST8155,ACC99549,Credit,Payment,Personal Loan,Firm A,East,Manager 1,3/4/2023,103449.411,113021.9899,0.085542604,380,190
114,CUST4584,ACC48303,Current,Withdrawal,Home Loan,Firm C,Central,Manager 3,19-03-2024,37823.34981,49697.99468,0.641513459,651,96
185,CUST3069,ACC78589,Savings,Payment,Savings Account,Firm C,East,Manager 1,15-04-2024,95021.14474,17426.27737,0.809935121,318,182
66,CUST2357,ACC97225,Credit,Deposit,Mutual Fund,Firm A,East,Manager 3,4/2/2023,81537.99377,85952.52203,1.145643129,578,124
91,CUST4780,ACC58667,Loan,Transfer,Savings Account,Firm A,North,Manager 3,17-02-2024,36722.43362,27373.4566,0.63935687,386,85
125,CUST5320,ACC90887,Current,Transfer,Savings Account,Firm B,North,Manager 2,10/8/2023,62504.65027,94039.59933,0.397196045,676,162
40,CUST7459,ACC43771,Savings,Withdrawal,Savings Account,Firm B,West,Manager 3,6/7/2023,12420.70386,56514.87754,0.236172546,677,64
98,CUST2412,ACC95774,Credit,Transfer,Mutual Fund,Firm E,Central,Manager 1,5/3/2024,85882.46281,40388.31134,0.300601768,363,60
163,CUST2805,ACC29477,Savings,Withdrawal,Personal Loan,Firm C,East,Manager 4,26-02-2023,52928.88948,74618.33938,0.238898627,540,221
108,CUST9962,ACC86784,Loan,Transfer,Credit Card,Firm E,South,Manager 4,11/8/2023,29791.33828,78507.82889,0.948452372,799,205
23,CUST4438,ACC29646,Savings,Withdrawal,Credit Card,Firm C,North,Manager 2,29-11-2023,69030.20698,38157.28831,0.559867144,431,71
146,CUST7933,ACC26973,Credit,Transfer,Home Loan,Firm B,North,Manager 3,28-03-2024,71028.57254,125862.8586,0.244963802,381,128
71,CUST8772,ACC30852,Credit,Withdrawal,Mutual Fund,Firm D,East,Manager 3,4/8/2023,29058.64549,96421.66555,0.319394033,483,29
72,CUST5894,ACC86784,Current,Withdrawal,Home Loan,Firm B,South,Manager 1,15-01-2023,83986.25706,18180.03317,0.923095583,722,80
58,CUST7459,ACC94242,Credit,Payment,Credit Card,Firm C,East,Manager 3,4/8/2023,30480.80687,109343.1124,0.609505917,630,22
104,CUST1547,ACC58078,Loan,Payment,Mutual Fund,Firm A,East,Manager 4,26-02-2023,74518.4143,39075.88881,0.544927045,739,161
56,CUST6292,ACC72197,Loan,Withdrawal,Personal Loan,Firm A,West,Manager 2,2/3/2024,41245.47749,68121.92056,0.853046062,782,128
86,CUST6038,ACC51593,Loan,Transfer,Savings Account,Firm D,Central,Manager 4,13-03-2023,28910.04358,69506.44449,0.277176686,846,124
147,CUST6319,ACC24880,Loan,Deposit,Savings Account,Firm C,South,Manager 4,19-10-2023,81756.37886,96685.3656,0.464599682,658,115
75,CUST9038,ACC70460,Credit,Payment,Personal Loan,Firm E,North,Manager 2,13-01-2023,106632.5745,91606.65193,0.65446398,774,190
165,CUST9528,ACC51593,Loan,Payment,Savings Account,Firm B,West,Manager 3,13-09-2023,30653.81639,52831.54158,0.264961706,498,30
135,CUST9439,ACC15671,Loan,Payment,Personal Loan,Firm B,East,Manager 2,14-07-2023,-7436.015895,93833.78321,0.147189524,493,190
2,CUST9169,ACC15925,Current,Withdrawal,Credit Card,Firm B,South,Manager 2,19-03-2024,33702.72532,56596.54511,0.796153009,483,222
161,CUST2842,ACC28292,Loan,Deposit,Mutual Fund,Firm C,South,Manager 2,23-03-2024,93721.35146,37550.01443,0.173664851,442,206
120,CUST4669,ACC24508,Loan,Deposit,Mutual Fund,Firm B,East,Manager 4,29-05-2023,33835.16646,66556.87056,0.289375585,730,107
63,CUST5609,ACC29231,Savings,Payment,Home Loan,Firm E,Central,Manager 2,2/5/2024,58477.09911,85939.36331,0.108312735,631,53
116,CUST6526,ACC29396,Current,Deposit,Savings Account,Firm B,Central,Manager 4,6/7/2023,48672.30569,89292.52731,0.133333849,603,142
191,CUST6082,ACC25811,Savings,Withdrawal,Personal Loan,Firm B,West,Manager 2,19-04-2023,16108.34845,118008.6801,0.382529164,668,147
120,CUST9129,ACC82926,Loan,Payment,Savings Account,Firm B,North,Manager 3,3/5/2023,3901.518839,97114.41168,0.190509534,416,116
49,CUST7730,ACC81631,Current,Transfer,Savings Account,Firm B,West,Manager 4,21-10-2023,81629.21747,78604.79192,0.576958622,358,182
149,CUST9420,ACC35419,Current,Payment,Mutual Fund,Firm C,South,Manager 3,4/2/2024,85225.87233,124620.0526,0.322018638,441,94
3,CUST5428,ACC72197,Current,Transfer,Personal Loan,Firm C,East,Manager 4,6/2/2024,90783.79902,107039.1699,0.499136227,782,13
87,CUST5916,ACC32212,Savings,Payment,Credit Card,Firm A,East,Manager 4,12/2/2023,17342.81424,61763.6272,0.489862819,697,69
41,CUST2805,ACC13357,Loan,Transfer,Home Loan,Firm A,South,Manager 1,17-11-2023,23715.54865,48323.63179,0.410683895,572,87
8,CUST4794,ACC48501,Current,Deposit,Personal Loan,Firm E,West,Manager 3,20-01-2024,55611.99195,79509.68124,0.319784989,361,148
175,CUST1749,ACC12182,Current,Payment,Home Loan,Firm E,East,Manager 4,13-09-2023,-16135.99845,68737.36928,0.506327869,840,104
9,CUST1887,ACC51200,Current,Payment,Mutual Fund,Firm E,East,Manager 3,23-02-2023,73852.92323,91931.22432,0.652395953,494,77
12,CUST8028,ACC91723,Savings,Payment,Home Loan,Firm E,Central,Manager 1,1/1/2024,41326.22304,113108.2256,0.645465306,752,95
66,CUST3602,ACC31539,Credit,Transfer,Home Loan,Firm B,West,Manager 3,16-08-2023,60817.62924,54228.61016,0.353552086,780,64
69,CUST7120,ACC15228,Savings,Withdrawal,Personal Loan,Firm A,North,Manager 2,7/11/2023,50510.74966,20535.70594,0.528891025,315,62
111,CUST3006,ACC97411,Loan,Deposit,Mutual Fund,Firm D,East,Manager 3,19-11-2023,83705.17658,58287.78371,0.200925682,443,138
152,CUST6391,ACC31902,Loan,Deposit,Personal Loan,Firm B,Central,Manager 3,1/4/2024,38521.9075,34927.89564,0.71158555,811,198
158,CUST4438,ACC43309,Loan,Withdrawal,Home Loan,Firm A,North,Manager 2,3/4/2023,72758.7501,68790.47449,0.794855319,463,10
58,CUST4763,ACC40952,Savings,Deposit,Savings Account,Firm A,North,Manager 2,18-02-2024,64380.25575,104144.8891,0.835733439,736,94
80,CUST9528,ACC58078,Savings,Payment,Credit Card,Firm B,North,Manager 4,22-06-2024,43329.95027,98753.52287,0.46673036,846,158
104,CUST2842,ACC65545,Credit,Deposit,Personal Loan,Firm C,East,Manager 4,3/10/2023,51623.69947,88484.48306,0.322685598,537,31
127,CUST3810,ACC22036,Current,Withdrawal,Mutual Fund,Firm E,South,Manager 2,24-10-2023,53323.68436,75002.90447,0.692021849,356,122
103,CUST2349,ACC12334,Savings,Payment,Home Loan,Firm C,West,Manager 3,5/2/2024,-4995.565095,91601.69762,0.461172547,540,234
167,CUST5255,ACC91723,Loan,Withdrawal,Home Loan,Firm A,South,Manager 2,23-10-2023,37798.12665,69153.88458,0.967060547,652,6
122,CUST5428,ACC22799,Loan,Transfer,Credit Card,Firm A,Central,Manager 4,11/6/2024,34318.55795,29853.68937,0.117067517,821,155
164,CUST6029,ACC70460,Current,Withdrawal,Credit Card,Firm E,South,Manager 1,10/3/2023,39975.52823,58917.91128,0.732861438,578,134
69,CUST3609,ACC29007,Loan,Payment,Mutual Fund,Firm A,North,Manager 3,13-02-2024,49643.03412,159321.43,0.591294313,799,119
184,CUST5609,ACC39500,Current,Deposit,Personal Loan,Firm A,West,Manager 3,22-06-2024,118365.9511,23521.36247,0.057742805,703,10
24,CUST2805,ACC22036,Current,Withdrawal,Credit Card,Firm C,South,Manager 4,3/10/2023,40081.30054,117892.619,0.330186203,500,36
105,CUST2716,ACC15925,Credit,Transfer,Home Loan,Firm A,North,Manager 4,22-06-2024,75699.82311,134736.5787,0.217644372,504,30
10,CUST8028,ACC34119,Savings,Withdrawal,Home Loan,Firm C,Central,Manager 3,5/7/2023,65626.44416,72102.27567,0.743209975,580,211
88,CUST9439,ACC11188,Current,Withdrawal,Personal Loan,Firm D,North,Manager 2,7/3/2023,15907.05584,44198.84453,0.641447462,388,174
67,CUST2457,ACC49422,Savings,Transfer,Personal Loan,Firm A,Central,Manager 4,21-03-2024,119847.885,27825.99191,0.340358506,521,168
166,CUST6525,ACC62446,Loan,Deposit,Savings Account,Firm A,Central,Manager 4,17-06-2023,34576.74577,55419.10983,0.260671485,673,63
191,CUST1569,ACC76699,Credit,Withdrawal,Home Loan,Firm A,East,Manager 4,24-05-2024,49735.74451,108530.9899,0.725474694,685,166
126,CUST4794,ACC29646,Current,Transfer,Mutual Fund,Firm E,West,Manager 3,4/1/2024,73887.40821,116182.7739,0.446753119,354,100
4,CUST2018,ACC21878,Credit,Payment,Credit Card,Firm D,Central,Manager 1,15-05-2024,32321.94828,71803.42069,0.498058278,501,120
80,CUST1747,ACC94242,Credit,Deposit,Home Loan,Firm D,South,Manager 4,1/7/2023,54945.6746,35762.59952,0.650100014,784,209
37,CUST9666,ACC71426,Current,Transfer,Home Loan,Firm C,East,Manager 1,7/6/2024,81214.01431,39068.57898,0.131693059,332,142
49,CUST2349,ACC38559,Savings,Payment,Savings Account,Firm C,South,Manager 3,22-03-2024,-10403.55494,54213.30556,0.745539121,626,76
86,CUST7855,ACC95164,Savings,Payment,Home Loan,Firm C,North,Manager 3,26-10-2023,143067.1846,73627.79044,0.752616543,582,226
194,CUST3315,ACC96868,Savings,Transfer,Credit Card,Firm E,North,Manager 1,14-04-2023,97281.25099,76278.19543,0.501676078,428,150
158,CUST2716,ACC96868,Loan,Transfer,Credit Card,Firm A,East,Manager 4,26-07-2023,66239.79058,1815.752969,0.491510407,603,163
160,CUST3109,ACC24508,Current,Withdrawal,Mutual Fund,Firm A,East,Manager 3,8/6/2024,53049.10953,84320.65657,0.212005884,335,216
51,CUST6038,ACC57516,Credit,Transfer,Credit Card,Firm D,South,Manager 2,5/3/2024,103529.0563,107158.7992,0.448771825,754,150
23,CUST5428,ACC70460,Savings,Deposit,Home Loan,Firm E,Central,Manager 3,26-09-2023,84093.96793,92773.78906,0.472793876,509,145
177,CUST4763,ACC88252,Savings,Withdrawal,Savings Account,Firm E,Central,Manager 4,10/12/2023,90962.08527,50827.23894,0.25441938,729,14
78,CUST7173,ACC86784,Credit,Transfer,Credit Card,Firm C,East,Manager 2,17-12-2023,94682.42154,58905.59189,0.150622718,836,121
42,CUST6028,ACC64785,Loan,Payment,Credit Card,Firm A,East,Manager 1,4/1/2024,46040.19807,111654.1685,0.901914151,760,213
92,CUST1223,ACC60432,Loan,Payment,Personal Loan,Firm A,Central,Manager 2,8/1/2024,26179.16713,85388.45268,0.497102316,561,59
123,CUST3059,ACC53466,Savings,Deposit,Personal Loan,Firm E,West,Manager 1,11/9/2023,37508.65731,58840.6007,0.54088497,502,187
192,CUST4461,ACC67713,Credit,Transfer,Home Loan,Firm A,South,Manager 2,23-03-2024,7058.786322,124776.1309,0.576775569,769,55
191,CUST5609,ACC83269,Current,Transfer,Credit Card,Firm D,West,Manager 1,29-11-2023,9833.48507,83655.60964,0.881900574,800,151
75,CUST6319,ACC83581,Credit,Withdrawal,Personal Loan,Firm D,South,Manager 4,15-04-2024,23416.19231,125411.3917,0.835967681,695,33
162,CUST5916,ACC21878,Current,Payment,Mutual Fund,Firm A,West,Manager 4,28-11-2023,59539.35068,63559.36677,0.67655878,648,151
134,CUST7493,ACC26956,Credit,Payment,Credit Card,Firm B,Central,Manager 3,26-04-2023,75825.74987,87004.17049,0.755514836,513,120
7,CUST1114,ACC65144,Savings,Transfer,Mutual Fund,Firm D,South,Manager 2,8/1/2023,-3792.949822,56727.19917,0.127936651,346,48
125,CUST7173,ACC60432,Current,Payment,Mutual Fund,Firm B,Central,Manager 2,13-03-2023,18833.66839,76833.82111,0.596824662,791,103
68,CUST4679,ACC15228,Current,Withdrawal,Mutual Fund,Firm A,East,Manager 3,14-04-2023,31941.48488,52956.61445,0.425298262,511,71
53,CUST2067,ACC45907,Loan,Deposit,Credit Card,Firm C,North,Manager 2,14-07-2023,8346.938554,63182.03175,0.292420192,414,33
157,CUST9248,ACC54589,Credit,Deposit,Mutual Fund,Firm E,South,Manager 3,5/5/2023,88796.12206,17590.67931,0.106707601,556,93
33,CUST4201,ACC18140,Savings,Payment,Credit Card,Firm D,East,Manager 4,22-05-2024,73067.93901,145091.5527,0.06579405,485,42
132,CUST6351,ACC82298,Current,Transfer,Credit Card,Firm B,Central,Manager 3,30-09-2023,40801.00881,100859.3945,0.575317021,408,86
179,CUST4794,ACC21878,Loan,Payment,Mutual Fund,Firm C,North,Manager 1,10/8/2023,45597.3365,57241.82608,0.336215059,412,131
144,CUST1569,ACC52131,Loan,Payment,Mutual Fund,Firm C,North,Manager 1,8/9/2023,56047.72559,68082.61648,0.471768035,518,181
175,CUST1569,ACC32627,Savings,Deposit,Home Loan,Firm B,Central,Manager 1,30-07-2023,41862.66486,88801.56806,0.435518542,594,214
72,CUST8765,ACC32212,Credit,Transfer,Home Loan,Firm A,North,Manager 4,15-05-2023,83277.04235,47811.62508,0.987408528,333,215
59,CUST1498,ACC22036,Credit,Deposit,Home Loan,Firm B,East,Manager 3,24-11-2023,58863.70035,126862.2486,0.460212031,600,64
150,CUST2357,ACC21264,Savings,Payment,Credit Card,Firm D,East,Manager 3,19-07-2023,42045.16865,55004.87014,0.677635418,338,220
31,CUST5705,ACC95774,Loan,Payment,Mutual Fund,Firm A,South,Manager 2,19-09-2023,75681.32993,122563.6564,0.666553667,634,92
114,CUST2716,ACC72197,Loan,Transfer,Credit Card,Firm E,West,Manager 2,20-06-2023,45501.81321,51655.50592,0.613942673,696,191
152,CUST3015,ACC45521,Credit,Transfer,Savings Account,Firm B,North,Manager 1,12/3/2024,46105.91623,15376.41147,0.732491284,715,212
10,CUST1467,ACC57700,Loan,Deposit,Mutual Fund,Firm A,West,Manager 4,6/2/2024,36008.0015,67792.606,0.711725225,433,222
102,CUST9535,ACC95774,Savings,Withdrawal,Credit Card,Firm E,West,Manager 3,20-04-2024,53348.25347,96013.81341,0.552905695,357,196
5,CUST5705,ACC74631,Savings,Deposit,Credit Card,Firm C,East,Manager 4,10/6/2023,72334.05958,105445.8731,0.493291572,766,106
123,CUST6526,ACC66190,Current,Withdrawal,Personal Loan,Firm B,East,Manager 2,16-03-2023,65121.31498,25856.32542,0.504581558,567,176
148,CUST5920,ACC35419,Savings,Payment,Savings Account,Firm D,North,Manager 2,8/2/2024,28778.29068,80420.668,0.433435862,340,138
96,CUST8288,ACC24508,Loan,Payment,Savings Account,Firm D,West,Manager 4,19-03-2024,95882.6453,57906.12469,0.459928272,396,181
70,CUST8266,ACC88074,Savings,Payment,Credit Card,Firm C,East,Manager 2,4/5/2023,85829.02215,70145.21662,0.525362638,326,187
32,CUST2443,ACC94203,Current,Deposit,Mutual Fund,Firm C,Central,Manager 4,18-10-2023,64900.21103,73464.22083,0.281915145,517,47
105,CUST6525,ACC70460,Loan,Withdrawal,Credit Card,Firm B,West,Manager 4,15-04-2024,50674.56025,48320.55603,0.433802907,638,116
36,CUST2109,ACC22255,Credit,Withdrawal,Credit Card,Firm C,North,Manager 2,28-09-2023,80648.98505,46134.39323,0.482139255,625,73
197,CUST9420,ACC87602,Loan,Withdrawal,Credit Card,Firm B,North,Manager 3,10/1/2023,11911.99869,111999.2117,0.462427816,694,54
114,CUST7028,ACC92558,Savings,Transfer,Savings Account,Firm E,Central,Manager 1,15-01-2023,88250.03684,62567.01016,0.337497246,344,11
73,CUST5351,ACC12182,Savings,Transfer,Savings Account,Firm E,North,Manager 4,10/6/2023,48435.9967,132799.2322,0.165307599,552,23
107,CUST7887,ACC21264,Credit,Payment,Home Loan,Firm E,Central,Manager 4,20-04-2024,40507.53825,103230.2553,0.600817566,819,123
55,CUST6525,ACC97411,Credit,Deposit,Savings Account,Firm D,West,Manager 1,5/3/2024,46531.83478,83133.97121,0.682555896,837,224
138,CUST8288,ACC66190,Credit,Payment,Savings Account,Firm B,Central,Manager 3,11/4/2023,77907.14787,130141.2689,0.818215661,649,134
163,CUST8529,ACC82381,Credit,Transfer,Home Loan,Firm D,South,Manager 1,21-05-2023,61539.90505,107103.2126,0.176742001,653,131
134,CUST2464,ACC31539,Savings,Withdrawal,Credit Card,Firm A,East,Manager 3,3/5/2023,33857.92632,45175.44853,0.453676106,560,238
87,CUST9420,ACC51009,Credit,Deposit,Home Loan,Firm D,East,Manager 2,22-10-2023,-4203.406975,31428.44951,0.326660251,733,187
47,CUST3109,ACC18057,Savings,Withdrawal,Credit Card,Firm B,Central,Manager 3,8/3/2023,26690.67358,108654.9514,0.342086021,405,10
191,CUST1547,ACC48303,Savings,Transfer,Credit Card,Firm A,West,Manager 4,25-12-2023,56178.39936,117884.7489,0.278592535,330,85
27,CUST9439,ACC88286,Savings,Transfer,Mutual Fund,Firm C,North,Manager 1,15-04-2024,17561.01723,81462.12645,0.355954258,463,203
67,CUST9731,ACC38559,Credit,Withdrawal,Home Loan,Firm D,West,Manager 4,19-09-2023,22231.95786,114384.3118,0.540730881,818,143
14,CUST2871,ACC75767,Credit,Transfer,Credit Card,Firm E,East,Manager 1,6/10/2023,80041.83714,100648.2026,0.382254256,767,74
23,CUST2805,ACC64393,Savings,Transfer,Savings Account,Firm C,North,Manager 4,12/1/2023,73060.95086,106768.8661,0.606536107,615,51
68,CUST9666,ACC49140,Current,Withdrawal,Personal Loan,Firm C,South,Manager 3,23-08-2023,-10422.03511,65497.41029,0.298616952,575,138
124,CUST2412,ACC88252,Current,Withdrawal,Mutual Fund,Firm B,South,Manager 4,4/2/2023,46417.95035,32094.07577,0.597107793,473,213
122,CUST5121,ACC99117,Savings,Deposit,Home Loan,Firm C,West,Manager 3,19-09-2023,44580.95975,57720.61864,0.277727297,517,149
101,CUST9216,ACC29477,Loan,Withdrawal,Home Loan,Firm C,North,Manager 4,18-03-2023,37262.90998,85025.46233,0.589628522,371,199
79,CUST5664,ACC21264,Credit,Payment,Savings Account,Firm D,West,Manager 3,18-06-2023,26566.33061,29049.40261,0.401006804,579,172
172,CUST3131,ACC57872,Loan,Deposit,Mutual Fund,Firm A,East,Manager 3,24-12-2023,68550.8505,84858.68989,0.325659123,683,44
55,CUST9754,ACC21878,Credit,Withdrawal,Personal Loan,Firm B,Central,Manager 4,17-08-2023,25009.13183,56724.45672,0.448441267,355,177
193,CUST7730,ACC39161,Credit,Withdrawal,Home Loan,Firm A,East,Manager 4,29-01-2024,51771.21268,25389.74401,0.550384563,528,104
140,CUST2109,ACC39544,Current,Payment,Mutual Fund,Firm A,West,Manager 2,6/11/2023,81935.74074,80923.7659,0.675756978,457,119
115,CUST8765,ACC95164,Loan,Deposit,Mutual Fund,Firm C,West,Manager 1,15-05-2023,99176.08508,111333.5575,0.167822816,416,146
34,CUST5705,ACC17688,Current,Withdrawal,Mutual Fund,Firm D,East,Manager 4,17-04-2023,68570.25322,88895.04609,0.314081816,730,42
134,CUST8772,ACC45951,Savings,Payment,Personal Loan,Firm D,South,Manager 1,16-10-2023,49518.58632,74875.70556,0.130873219,621,50
83,CUST1962,ACC42903,Current,Payment,Savings Account,Firm D,South,Manager 1,23-02-2023,73093.22065,35658.33596,0.536873796,522,236
140,CUST9843,ACC10996,Current,Withdrawal,Credit Card,Firm D,East,Manager 4,21-01-2023,59601.06063,42962.44757,0.483354255,363,185
124,CUST5664,ACC35419,Current,Payment,Credit Card,Firm E,East,Manager 4,3/4/2023,35792.34103,74637.98552,0.336892246,608,119
156,CUST9420,ACC39500,Credit,Transfer,Credit Card,Firm A,East,Manager 3,25-07-2023,4037.733581,47055.35788,0.410117602,633,227
31,CUST6082,ACC34821,Credit,Deposit,Savings Account,Firm B,South,Manager 1,26-09-2023,94441.6319,98721.09024,0.165964941,633,61
72,CUST4373,ACC57597,Loan,Transfer,Mutual Fund,Firm D,East,Manager 4,19-11-2023,56152.52527,64122.8133,0.643492103,525,153
194,CUST1555,ACC22036,Credit,Payment,Savings Account,Firm C,West,Manager 1,4/8/2023,8407.717148,43153.11407,0.555991244,728,176
111,CUST3449,ACC51593,Credit,Payment,Home Loan,Firm C,Central,Manager 3,17-06-2023,41996.87578,40715.02557,1.079414439,419,149
164,CUST2871,ACC23985,Current,Transfer,Home Loan,Firm D,North,Manager 2,12/2/2023,38235.09492,115329.2429,0.228208947,454,120
157,CUST1498,ACC52131,Credit,Deposit,Personal Loan,Firm E,Central,Manager 2,22-08-2023,46759.20905,76921.69,0.443166056,557,153
151,CUST5609,ACC35419,Credit,Withdrawal,Savings Account,Firm D,West,Manager 1,30-03-2024,70392.23452,35415.08114,0.050849851,431,140
141,CUST5255,ACC40939,Loan,Withdrawal,Home Loan,Firm A,Central,Manager 3,6/8/2023,105938.6182,77344.76391,0.539436161,379,233
45,CUST8288,ACC15359,Credit,Transfer,Savings Account,Firm E,North,Manager 4,24-05-2023,60806.81943,127058.3871,-0.0588728,461,178
168,CUST9439,ACC39500,Credit,Deposit,Mutual Fund,Firm B,South,Manager 3,25-07-2023,5515.400745,35108.17089,0.239664307,696,141
186,CUST7994,ACC78589,Current,Payment,Personal Loan,Firm E,North,Manager 3,17-11-2023,-282.7962858,123472.826,0.637389986,586,168
13,CUST2539,ACC15925,Current,Payment,Savings Account,Firm A,North,Manager 1,18-02-2024,66147.80233,114055.2487,0.388793078,758,90
135,CUST7651,ACC95774,Current,Deposit,Credit Card,Firm E,Central,Manager 4,14-02-2023,97625.19029,148300.5116,0.714171709,343,52
131,CUST3306,ACC91220,Credit,Withdrawal,Personal Loan,Firm C,Central,Manager 2,20-04-2024,41473.06937,101168.6699,0.546599475,307,139
44,CUST3015,ACC71388,Credit,Payment,Mutual Fund,Firm B,South,Manager 2,26-03-2023,59191.49384,112587.4988,0.504827206,736,75
83,CUST8416,ACC15228,Savings,Transfer,Savings Account,Firm A,South,Manager 4,9/12/2023,57066.02348,53228.74056,0.855039094,843,106
129,CUST9209,ACC55331,Current,Transfer,Home Loan,Firm C,East,Manager 4,30-03-2024,42550.23323,90521.5081,0.362736975,699,109
7,CUST3109,ACC49395,Savings,Transfer,Savings Account,Firm E,Central,Manager 4,26-07-2023,82314.48823,64385.38857,0.449838325,650,92
8,CUST1547,ACC25811,Current,Withdrawal,Credit Card,Firm C,West,Manager 1,8/2/2024,77360.27971,95060.46396,0.187379386,309,188
58,CUST6292,ACC94242,Savings,Transfer,Personal Loan,Firm B,East,Manager 1,23-02-2023,61018.04961,34656.52694,0.548377962,558,170
102,CUST1644,ACC55331,Credit,Withdrawal,Credit Card,Firm A,South,Manager 2,8/3/2023,116806.4468,47782.44387,0.23108823,605,195
168,CUST1776,ACC34431,Savings,Deposit,Home Loan,Firm A,Central,Manager 2,25-04-2024,58151.90039,61461.84449,0.332429665,677,23
74,CUST5664,ACC55331,Credit,Transfer,Savings Account,Firm A,South,Manager 4,23-02-2023,-905.4615242,93171.66873,0.206994999,849,178
162,CUST1547,ACC88516,Savings,Payment,Credit Card,Firm A,Central,Manager 4,6/4/2024,99930.11476,55245.24277,0.194367432,667,107
78,CUST7395,ACC67701,Current,Transfer,Home Loan,Firm E,West,Manager 1,15-05-2024,6808.22606,142300.045,0.633869184,699,14
34,CUST1415,ACC15671,Current,Transfer,Credit Card,Firm A,East,Manager 2,23-10-2023,19635.72098,71185.92164,0.029142243,779,237
154,CUST8155,ACC92360,Current,Transfer,Savings Account,Firm B,North,Manager 1,4/5/2024,66604.47631,81926.45992,0.463995824,517,163
117,CUST1840,ACC45907,Current,Payment,Savings Account,Firm E,East,Manager 3,5/2/2023,68688.44388,83962.11083,0.19652188,381,107
5,CUST7493,ACC83269,Current,Transfer,Personal Loan,Firm C,East,Manager 2,26-02-2023,12005.30234,123404.529,0.44303423,337,39
140,CUST8660,ACC51971,Credit,Transfer,Savings Account,Firm E,West,Manager 3,22-03-2024,75078.27116,101835.6008,-0.030523302,706,128
33,CUST2716,ACC34431,Credit,Transfer,Savings Account,Firm B,North,Manager 3,29-05-2023,68869.0151,95556.45542,0.643782434,824,162
184,CUST8461,ACC88516,Credit,Transfer,Savings Account,Firm E,East,Manager 3,26-03-2023,32180.96163,131948.6547,0.422844305,819,73
169,CUST2539,ACC67701,Loan,Payment,Credit Card,Firm C,South,Manager 2,23-10-2023,71898.54979,119521.3501,0.266256751,816,98
2,CUST8028,ACC94242,Current,Deposit,Savings Account,Firm D,South,Manager 1,26-03-2023,58110.03283,56169.7628,0.598099318,765,79
70,CUST7255,ACC29646,Savings,Payment,Savings Account,Firm D,South,Manager 2,17-01-2024,84765.54416,116512.0832,0.128330064,809,181
3,CUST9169,ACC50817,Credit,Withdrawal,Savings Account,Firm D,North,Manager 1,10/12/2023,11626.33967,60065.23187,0.952752313,354,98
116,CUST3725,ACC15228,Current,Deposit,Credit Card,Firm A,South,Manager 2,18-08-2023,37887.13836,79428.5469,0.897578488,508,58
171,CUST4373,ACC88074,Credit,Transfer,Mutual Fund,Firm C,North,Manager 1,1/1/2024,10139.33005,80521.68157,0.3853551,438,17
18,CUST9683,ACC62446,Savings,Deposit,Personal Loan,Firm B,South,Manager 2,28-09-2023,93077.20497,56329.37811,0.300649758,825,87
15,CUST4669,ACC11062,Loan,Withdrawal,Mutual Fund,Firm E,West,Manager 1,25-12-2023,35748.04389,105604.1218,0.142407318,304,16
168,CUST8279,ACC86784,Credit,Withdrawal,Home Loan,Firm D,South,Manager 2,6/1/2023,88532.9009,95842.25785,0.342741106,539,147
24,CUST6319,ACC57700,Loan,Withdrawal,Credit Card,Firm A,Central,Manager 3,11/6/2024,74789.73457,109248.3789,0.584626709,428,151
36,CUST1223,ACC24981,Loan,Payment,Credit Card,Firm C,South,Manager 2,22-03-2024,77138.36151,105763.0626,0.868300002,771,33
31,CUST9564,ACC40952,Loan,Deposit,Savings Account,Firm E,Central,Manager 2,2/1/2023,15039.01132,127139.2598,0.83357407,692,231
15,CUST4625,ACC82381,Loan,Payment,Personal Loan,Firm B,North,Manager 3,13-01-2023,8929.843643,82314.19841,0.754890192,812,143
140,CUST4855,ACC55331,Savings,Payment,Credit Card,Firm A,Central,Manager 3,4/5/2024,24857.91769,110258.0628,0.417099586,312,170
117,CUST8874,ACC78089,Credit,Transfer,Mutual Fund,Firm E,East,Manager 4,12/5/2023,-14200.7145,98951.6834,0.175018963,563,192
41,CUST7855,ACC11188,Savings,Payment,Personal Loan,Firm B,North,Manager 1,17-08-2023,61343.12824,110972.9624,0.306461249,329,177
142,CUST5610,ACC78178,Savings,Payment,Home Loan,Firm B,South,Manager 3,16-03-2023,58251.58849,95516.74603,0.42573698,667,62
162,CUST4794,ACC20297,Credit,Transfer,Savings Account,Firm B,Central,Manager 4,11/8/2023,66677.90788,78029.66962,0.522600085,673,99
121,CUST4346,ACC55331,Savings,Payment,Personal Loan,Firm B,South,Manager 3,8/9/2023,57186.51184,65180.50998,0.803860924,585,37
142,CUST4855,ACC25811,Current,Withdrawal,Personal Loan,Firm B,South,Manager 3,1/3/2024,28500.08471,28346.02996,0.433644418,512,171
149,CUST8874,ACC83269,Savings,Payment,Personal Loan,Firm D,East,Manager 4,1/4/2024,40877.0225,70385.44545,0.25792647,735,194
86,CUST9528,ACC55331,Current,Transfer,Mutual Fund,Firm A,East,Manager 1,17-02-2024,38438.66173,70934.76644,0.393543984,402,58
40,CUST6330,ACC76549,Savings,Withdrawal,Mutual Fund,Firm B,North,Manager 3,20-10-2023,86762.88766,75274.38668,0.459246842,731,176
34,CUST5664,ACC26026,Loan,Deposit,Mutual Fund,Firm A,Central,Manager 1,19-06-2023,31867.49805,60418.6779,0.192486636,315,66
183,CUST8660,ACC39544,Savings,Withdrawal,Credit Card,Firm C,East,Manager 3,6/9/2023,11058.80008,100637.4493,0.525793646,722,80
162,CUST7002,ACC49364,Credit,Transfer,Credit Card,Firm E,South,Manager 3,6/11/2023,70265.68891,64526.97479,0.451295301,402,63
113,CUST8874,ACC11188,Current,Payment,Mutual Fund,Firm D,West,Manager 2,12/3/2024,39307.77042,86504.97227,0.660279663,415,188
66,CUST2612,ACC29477,Savings,Withdrawal,Savings Account,Firm E,West,Manager 2,4/2/2024,-6611.972573,66844.5817,0.291384951,746,122
181,CUST1189,ACC83269,Credit,Withdrawal,Mutual Fund,Firm C,Central,Manager 2,18-11-2023,49584.96264,62730.63806,0.813061547,801,225
74,CUST1223,ACC29231,Current,Transfer,Savings Account,Firm C,East,Manager 4,21-01-2023,72663.75126,111239.9673,0.30159492,669,171
188,CUST2541,ACC45968,Savings,Withdrawal,Home Loan,Firm D,South,Manager 1,14-04-2023,52837.4346,64576.52806,0.76629786,332,216
197,CUST6350,ACC32627,Savings,Deposit,Savings Account,Firm B,South,Manager 3,6/6/2023,-8741.340457,51354.60296,0.797266491,734,26
158,CUST6947,ACC24981,Loan,Deposit,Credit Card,Firm B,Central,Manager 2,17-02-2023,29985.46169,86362.54519,0.422273096,520,96
132,CUST1962,ACC95164,Credit,Withdrawal,Mutual Fund,Firm B,East,Manager 1,25-04-2024,60867.16658,49283.99081,0.58722734,662,75
107,CUST8874,ACC21719,Current,Deposit,Personal Loan,Firm D,South,Manager 3,28-11-2023,50035.62595,162192.8963,0.420651047,822,237
87,CUST7887,ACC22036,Credit,Deposit,Home Loan,Firm B,South,Manager 4,1/6/2023,122692.225,133586.1826,0.151021739,528,112
92,CUST3131,ACC99549,Credit,Payment,Personal Loan,Firm A,Central,Manager 1,25-11-2023,85584.77055,103399.0605,0.230226446,767,100
106,CUST9216,ACC16664,Loan,Payment,Mutual Fund,Firm B,Central,Manager 3,27-05-2024,7654.724341,64781.52165,-0.030552605,440,207
165,CUST2457,ACC15925,Loan,Payment,Mutual Fund,Firm B,West,Manager 4,12/1/2024,27366.82949,44881.9926,0.767473008,638,195
108,CUST1547,ACC21429,Savings,Withdrawal,Mutual Fund,Firm C,West,Manager 1,5/2/2023,17364.77344,77427.49664,0.399624253,490,90
67,CUST2541,ACC69323,Loan,Transfer,Home Loan,Firm A,Central,Manager 4,19-06-2023,42177.8574,108832.3192,0.626397112,744,53
55,CUST2626,ACC39500,Loan,Deposit,Savings Account,Firm E,South,Manager 4,4/1/2024,86403.74607,72031.83313,0.398336802,692,57
166,CUST4438,ACC45968,Current,Withdrawal,Mutual Fund,Firm A,West,Manager 3,15-01-2023,19785.77963,68791.95047,0.593836316,812,185
138,CUST4438,ACC29396,Credit,Deposit,Home Loan,Firm E,West,Manager 2,6/8/2023,118190.3253,78357.22392,0.336562205,744,209
165,CUST6292,ACC88286,Loan,Transfer,Credit Card,Firm D,East,Manager 1,1/7/2023,32678.0734,138539.4068,0.382135313,461,132
158,CUST5920,ACC82298,Current,Withdrawal,Credit Card,Firm A,South,Manager 3,7/6/2024,46220.55257,25507.43448,0.451225188,436,190
88,CUST7793,ACC97411,Loan,Payment,Personal Loan,Firm E,Central,Manager 4,17-11-2023,37474.39563,45887.18713,0.583539656,504,101
36,CUST4201,ACC53466,Loan,Withdrawal,Savings Account,Firm D,Central,Manager 3,11/8/2023,87875.74087,63230.12025,0.115605555,800,214
191,CUST8461,ACC32627,Savings,Deposit,Home Loan,Firm D,North,Manager 3,19-03-2024,70316.24395,122707.6077,0.104994603,648,44
166,CUST4595,ACC81631,Current,Payment,Mutual Fund,Firm B,East,Manager 2,3/10/2023,23751.14042,57206.70276,0.298552818,590,123
51,CUST1497,ACC88074,Current,Transfer,Mutual Fund,Firm B,East,Manager 3,5/3/2024,-45352.95439,96125.56424,-0.203846548,668,36
187,CUST1114,ACC42467,Current,Deposit,Credit Card,Firm A,North,Manager 4,9/4/2023,15304.80735,97265.62548,0.292025242,729,46
149,CUST8318,ACC86784,Savings,Withdrawal,Credit Card,Firm C,North,Manager 1,6/7/2023,28131.87256,72795.1655,0.545422528,744,99
182,CUST7255,ACC24981,Loan,Payment,Home Loan,Firm A,West,Manager 4,16-03-2023,56321.96961,94246.78957,0.661145954,789,85
196,CUST3778,ACC11062,Credit,Transfer,Home Loan,Firm E,North,Manager 4,22-08-2023,103375.3442,51672.12356,0.813272619,341,32
8,CUST1747,ACC52131,Current,Withdrawal,Credit Card,Firm A,South,Manager 2,2/1/2023,14517.92562,93724.24641,0.456618713,658,132
83,CUST5174,ACC82381,Credit,Transfer,Credit Card,Firm B,East,Manager 1,8/11/2023,57193.9789,60485.16286,0.720467989,821,11
148,CUST6837,ACC47099,Savings,Withdrawal,Credit Card,Firm D,Central,Manager 1,14-03-2024,91783.32956,129044.8815,0.688031808,651,23
132,CUST2699,ACC58667,Savings,Deposit,Credit Card,Firm B,Central,Manager 1,17-07-2023,96879.97317,73720.99478,0.194031827,325,58
125,CUST1223,ACC92360,Loan,Deposit,Credit Card,Firm C,East,Manager 2,19-11-2023,87596.45717,84499.60037,0.513077288,781,37
52,CUST5916,ACC94907,Loan,Withdrawal,Credit Card,Firm E,North,Manager 4,21-03-2024,52454.57463,40431.59279,0.039736502,713,111
40,CUST7028,ACC21264,Loan,Transfer,Credit Card,Firm A,North,Manager 1,12/2/2023,53710.23596,99039.21685,0.79169417,506,202
139,CUST2109,ACC77592,Credit,Transfer,Credit Card,Firm A,East,Manager 2,14-02-2023,69343.62947,90895.63552,0.785732545,708,141
3,CUST5609,ACC99549,Savings,Withdrawal,Personal Loan,Firm C,West,Manager 3,21-11-2023,79849.03381,145083.8467,0.429852652,593,164
46,CUST4679,ACC94203,Current,Transfer,Savings Account,Firm C,North,Manager 2,10/6/2023,19994.11055,127869.6481,0.478813405,606,192
73,CUST1189,ACC32627,Loan,Deposit,Credit Card,Firm B,East,Manager 1,26-10-2023,47113.79711,74224.30589,0.520534562,496,193
147,CUST6210,ACC11837,Credit,Deposit,Savings Account,Firm C,North,Manager 2,24-09-2023,52934.97209,97081.48291,0.336526627,310,79
191,CUST1749,ACC29477,Current,Withdrawal,Credit Card,Firm A,North,Manager 2,26-07-2023,115702.8084,50193.67399,0.169154968,813,209
15,CUST1114,ACC25132,Savings,Transfer,Mutual Fund,Firm D,West,Manager 1,18-10-2023,70032.25271,71747.85259,0.344467046,690,118
49,CUST6947,ACC64393,Current,Payment,Mutual Fund,Firm E,Central,Manager 1,14-03-2024,55051.87143,95668.28763,0.187738444,328,26
25,CUST5545,ACC29477,Savings,Withdrawal,Savings Account,Firm C,North,Manager 1,21-03-2024,56877.08641,87758.17398,0.354168608,428,84
154,CUST1738,ACC39544,Current,Payment,Personal Loan,Firm D,East,Manager 2,3/4/2023,84147.16336,39334.79736,0.822240133,742,97
33,CUST5500,ACC29477,Loan,Deposit,Mutual Fund,Firm C,South,Manager 1,13-01-2023,34643.40564,60125.97482,0.689944614,507,166
181,CUST8155,ACC64785,Savings,Deposit,Mutual Fund,Firm A,South,Manager 4,10/12/2023,50829.21383,25388.44933,0.746981409,474,236
144,CUST8266,ACC53865,Loan,Withdrawal,Home Loan,Firm A,East,Manager 1,22-10-2023,78953.37278,60224.80804,0.675237567,304,20
190,CUST8416,ACC92360,Current,Payment,Savings Account,Firm B,North,Manager 3,19-07-2023,25922.34155,75596.59361,0.500260329,601,18
66,CUST6210,ACC51200,Current,Deposit,Mutual Fund,Firm C,East,Manager 3,17-04-2023,48584.88788,54837.6681,0.378250031,604,82
170,CUST2805,ACC47099,Current,Withdrawal,Personal Loan,Firm A,East,Manager 3,23-10-2023,31802.65537,97028.425,0.353105123,698,178
117,CUST5105,ACC38559,Current,Payment,Home Loan,Firm A,North,Manager 2,7/11/2023,70368.21913,48271.76403,0.353274869,340,37
86,CUST7730,ACC94203,Loan,Payment,Home Loan,Firm A,West,Manager 2,21-02-2023,38757.88832,46073.82775,0.514689566,780,100
88,CUST8765,ACC29231,Credit,Transfer,Credit Card,Firm E,East,Manager 2,10/3/2023,71871.9879,31739.17675,-0.026689678,433,65
26,CUST9535,ACC72197,Credit,Transfer,Credit Card,Firm D,South,Manager 4,12/3/2024,10338.56366,88133.22479,0.424655311,692,180
191,CUST5428,ACC21719,Current,Payment,Home Loan,Firm E,Central,Manager 3,5/2/2023,14153.69009,48948.54934,0.32872899,538,66
124,CUST6837,ACC28154,Savings,Withdrawal,Savings Account,Firm C,West,Manager 2,28-01-2023,47456.08291,75755.57843,0.726193419,680,86
22,CUST5894,ACC19156,Savings,Transfer,Credit Card,Firm A,West,Manager 3,21-03-2024,20666.08062,82908.53524,0.071407696,513,173
13,CUST9535,ACC92360,Loan,Payment,Credit Card,Firm D,West,Manager 1,8/3/2023,42222.5982,69630.40871,0.54503956,469,110
97,CUST8529,ACC28154,Credit,Withdrawal,Home Loan,Firm D,West,Manager 1,6/7/2023,41767.10419,96918.63135,0.878320564,402,125
153,CUST2694,ACC31539,Current,Withdrawal,Home Loan,Firm C,South,Manager 3,17-02-2023,28523.19482,37450.35735,0.388716485,720,179
4,CUST1749,ACC15359,Loan,Deposit,Personal Loan,Firm B,West,Manager 1,20-10-2023,3960.920481,90623.61548,0.2364413,630,235
191,CUST4780,ACC34821,Current,Deposit,Home Loan,Firm E,East,Manager 1,22-03-2024,50348.01121,121363.944,0.593640087,809,75
87,CUST4763,ACC36079,Current,Payment,Savings Account,Firm E,East,Manager 2,22-10-2023,62330.10207,55407.69312,0.326684128,425,167
44,CUST2457,ACC94242,Savings,Payment,Credit Card,Firm D,West,Manager 2,6/2/2024,78790.73888,68195.27252,0.880505869,377,182
105,CUST7173,ACC83848,Credit,Payment,Savings Account,Firm C,South,Manager 3,22-05-2024,69705.9395,66956.65938,0.538705558,391,152
23,CUST4360,ACC37688,Current,Deposit,Personal Loan,Firm B,Central,Manager 1,14-07-2023,57075.20067,65027.00444,0.485934134,785,130
153,CUST7459,ACC51200,Current,Withdrawal,Credit Card,Firm C,West,Manager 1,17-07-2023,85167.0983,76328.28375,0.619694464,577,64
22,CUST5664,ACC30787,Credit,Payment,Savings Account,Firm A,North,Manager 2,2/5/2024,25491.4604,96304.8501,0.402358093,366,191
47,CUST9731,ACC30852,Current,Withdrawal,Personal Loan,Firm C,East,Manager 4,19-06-2023,68715.79918,83637.9863,0.245713928,334,11
100,CUST8416,ACC57516,Credit,Withdrawal,Personal Loan,Firm B,South,Manager 4,25-04-2024,48774.32267,112571.0566,0.639243798,309,167
182,CUST4201,ACC96277,Loan,Payment,Credit Card,Firm B,South,Manager 4,9/4/2023,56160.0758,82177.78492,0.261000945,390,99
158,CUST3006,ACC15359,Savings,Payment,Credit Card,Firm B,South,Manager 1,5/2/2024,63623.51794,52463.06551,0.670600621,808,186
78,CUST7028,ACC45907,Savings,Withdrawal,Personal Loan,Firm A,North,Manager 4,18-10-2023,59026.9244,87110.5541,0.093740244,815,190
173,CUST3187,ACC25132,Credit,Payment,Personal Loan,Firm D,North,Manager 4,26-02-2023,65202.71893,39777.23146,1.345637634,767,67
181,CUST9683,ACC22799,Savings,Withdrawal,Savings Account,Firm D,South,Manager 3,10/8/2023,48313.66169,96009.09198,0.401816644,637,159
35,CUST3762,ACC49774,Savings,Payment,Mutual Fund,Firm D,South,Manager 2,10/12/2023,73612.45423,95267.57322,0.543709616,395,204
83,CUST6391,ACC77773,Savings,Transfer,Home Loan,Firm A,West,Manager 4,17-06-2023,16981.22179,71351.02777,0.691916837,572,157
101,CUST6937,ACC62446,Current,Deposit,Savings Account,Firm A,North,Manager 2,12/3/2024,61754.42115,62299.68266,0.351191357,493,83
73,CUST4794,ACC34431,Loan,Payment,Savings Account,Firm C,North,Manager 1,20-01-2024,67106.29465,54852.58952,0.598505072,774,163
43,CUST2464,ACC32890,Savings,Deposit,Personal Loan,Firm A,North,Manager 1,19-06-2023,-6399.815338,4833.664725,0.482826939,820,30
48,CUST7388,ACC72197,Current,Payment,Home Loan,Firm B,West,Manager 2,19-07-2023,55395.08864,96832.92473,0.705797089,787,117
35,CUST4584,ACC43771,Credit,Payment,Savings Account,Firm A,North,Manager 1,16-03-2023,20398.88178,80387.99213,0.601380015,596,203
4,CUST3153,ACC35419,Savings,Withdrawal,Home Loan,Firm D,North,Manager 2,10/6/2023,53516.17156,134781.5835,0.268907717,435,72
147,CUST4003,ACC43309,Savings,Transfer,Savings Account,Firm B,South,Manager 4,6/6/2023,72711.99137,41680.58799,0.796348106,797,28
89,CUST2349,ACC82298,Current,Withdrawal,Mutual Fund,Firm C,North,Manager 3,10/3/2023,72766.65551,97427.76483,0.542326753,593,25
178,CUST6837,ACC29646,Credit,Withdrawal,Home Loan,Firm B,Central,Manager 1,23-10-2023,-2838.79481,108511.365,0.44445364,563,237
89,CUST8461,ACC30787,Credit,Deposit,Home Loan,Firm B,East,Manager 1,19-06-2023,28228.01623,73751.89121,0.311031215,809,68
20,CUST3306,ACC45951,Loan,Withdrawal,Credit Card,Firm D,West,Manager 3,30-01-2023,42110.86685,49608.54912,0.57252116,841,239
137,CUST1913,ACC64785,Current,Payment,Savings Account,Firm D,South,Manager 3,30-03-2024,625.7126984,77868.12798,0.275129519,433,128
63,CUST6837,ACC32627,Loan,Payment,Credit Card,Firm B,South,Manager 2,13-02-2024,74404.06634,89433.7921,0.915522806,847,205
77,CUST1644,ACC62446,Loan,Transfer,Savings Account,Firm A,West,Manager 3,5/7/2023,1792.638502,160065.347,-0.207057703,733,209
82,CUST8772,ACC70741,Savings,Deposit,Savings Account,Firm A,Central,Manager 2,11/9/2023,57096.8969,77601.17765,0.444072255,546,88
120,CUST9066,ACC97225,Loan,Deposit,Personal Loan,Firm A,West,Manager 2,12/1/2024,-4985.758778,67493.23957,0.282450947,747,105
31,CUST2626,ACC60432,Loan,Payment,Savings Account,Firm A,West,Manager 1,6/9/2023,36319.02613,95189.17003,0.4022653,811,153
190,CUST6565,ACC83269,Credit,Withdrawal,Credit Card,Firm E,South,Manager 4,16-08-2023,23227.20826,152430.081,0.907493114,397,220
137,CUST4241,ACC80131,Current,Payment,Savings Account,Firm A,Central,Manager 4,19-10-2023,53917.50069,76301.70281,0.321369832,407,152
48,CUST1962,ACC71388,Credit,Transfer,Mutual Fund,Firm B,East,Manager 3,18-06-2023,42952.7079,73859.01784,0.770347022,369,65
184,CUST7098,ACC89098,Current,Transfer,Savings Account,Firm B,South,Manager 1,11/5/2023,66917.95704,32907.68294,0.260550086,659,62
151,CUST6038,ACC73104,Savings,Withdrawal,Mutual Fund,Firm A,West,Manager 3,4/2/2024,52354.226,70860.42253,0.021236492,623,227
185,CUST2457,ACC77533,Loan,Deposit,Mutual Fund,Firm B,North,Manager 3,20-06-2023,89004.43542,48308.19508,0.665127248,801,175
172,CUST2944,ACC40939,Savings,Deposit,Savings Account,Firm C,Central,Manager 3,10/9/2023,52585.08416,107852.8475,0.374996448,689,55
45,CUST4584,ACC28305,Savings,Deposit,Savings Account,Firm C,Central,Manager 1,21-10-2023,32901.74081,48338.93958,0.698437367,843,200
110,CUST1569,ACC15925,Current,Withdrawal,Mutual Fund,Firm A,North,Manager 2,6/1/2023,23564.51893,75819.36508,0.479904207,848,41
162,CUST8660,ACC76699,Loan,Transfer,Personal Loan,Firm C,North,Manager 4,19-04-2023,9194.178983,47830.86651,0.091040289,427,192
37,CUST6837,ACC88449,Credit,Deposit,Mutual Fund,Firm D,West,Manager 2,13-03-2023,66756.31051,70364.86407,0.857872677,728,71
156,CUST4584,ACC94907,Loan,Deposit,Savings Account,Firm D,North,Manager 1,17-08-2023,58023.19297,76875.15161,0.449745539,545,61
43,CUST6082,ACC29356,Credit,Withdrawal,Personal Loan,Firm C,East,Manager 3,28-09-2023,55684.19736,98879.25133,0.556744378,740,119
180,CUST6947,ACC69323,Current,Transfer,Mutual Fund,Firm D,Central,Manager 1,24-11-2023,49101.74069,-8873.804269,0.141273616,343,229
84,CUST8266,ACC67701,Savings,Withdrawal,Savings Account,Firm B,West,Manager 3,21-02-2023,90149.40097,57872.85586,-0.046664916,454,110
172,CUST2357,ACC30852,Current,Withdrawal,Mutual Fund,Firm A,West,Manager 4,6/1/2023,55536.27885,77091.46629,0.336855819,415,50
94,CUST8028,ACC74631,Credit,Deposit,Credit Card,Firm E,South,Manager 1,29-11-2023,56770.07972,55485.22879,0.413880454,562,205
32,CUST9683,ACC40952,Credit,Withdrawal,Credit Card,Firm E,West,Manager 4,9/12/2023,24381.28854,32826.71148,0.285839532,654,208
189,CUST2716,ACC83581,Current,Withdrawal,Mutual Fund,Firm D,East,Manager 2,12/1/2024,42002.15958,95304.48293,0.615396552,623,166
93,CUST6565,ACC29646,Current,Deposit,Savings Account,Firm C,South,Manager 2,17-07-2023,61604.21352,62806.74226,0.797830336,764,125
156,CUST5174,ACC40939,Loan,Withdrawal,Home Loan,Firm D,North,Manager 3,9/12/2023,43926.5894,95055.32118,0.178097579,567,79
147,CUST6351,ACC57516,Credit,Payment,Home Loan,Firm E,Central,Manager 1,13-02-2024,43204.84098,24280.60348,0.567668776,339,185
141,CUST3041,ACC67713,Savings,Deposit,Mutual Fund,Firm D,Central,Manager 2,4/2/2023,87811.33801,115149.1,0.286324005,829,117
36,CUST1415,ACC60432,Savings,Payment,Savings Account,Firm A,East,Manager 2,8/3/2023,5215.524526,147126.8663,0.305910576,644,157
113,CUST2612,ACC83269,Current,Deposit,Personal Loan,Firm D,Central,Manager 3,11/8/2023,42261.16743,81466.59115,0.470576119,345,150
54,CUST1189,ACC78581,Credit,Transfer,Savings Account,Firm D,North,Manager 2,9/1/2023,25921.35123,72078.32612,0.26294157,611,34
178,CUST7459,ACC57597,Savings,Payment,Credit Card,Firm C,North,Manager 1,13-01-2023,57603.19099,70795.56171,0.872614457,655,15
190,CUST7255,ACC20297,Savings,Withdrawal,Credit Card,Firm E,East,Manager 3,31-10-2023,44387.01357,51101.32955,0.125034702,417,174
9,CUST7481,ACC29231,Savings,Transfer,Credit Card,Firm C,West,Manager 3,25-07-2023,46044.23085,46349.79294,0.297722069,551,208
18,CUST2188,ACC21429,Loan,Payment,Credit Card,Firm C,West,Manager 2,2/1/2023,30990.68988,85414.76758,0.11344478,561,159
142,CUST5610,ACC49395,Current,Transfer,Personal Loan,Firm D,South,Manager 1,6/10/2023,37661.20975,33052.91296,0.430671461,722,20
32,CUST4669,ACC88516,Current,Deposit,Savings Account,Firm B,North,Manager 2,13-03-2023,83996.5104,83778.09377,0.24112254,518,164
189,CUST4258,ACC53865,Loan,Payment,Home Loan,Firm D,West,Manager 3,10/6/2023,101272.5488,161037.8191,0.24056989,348,199
152,CUST6028,ACC43309,Current,Withdrawal,Home Loan,Firm D,West,Manager 3,18-08-2023,76453.36711,93043.54696,0.941032876,520,97
50,CUST5610,ACC29007,Loan,Transfer,Home Loan,Firm E,West,Manager 1,10/6/2023,28330.10269,63072.72374,0.544672403,549,129
122,CUST1189,ACC21719,Current,Transfer,Personal Loan,Firm D,North,Manager 2,24-05-2024,28853.19423,103910.5322,0.656520879,708,67
167,CUST5121,ACC25132,Loan,Withdrawal,Home Loan,Firm B,Central,Manager 2,6/10/2023,58254.78474,98487.46259,0.625552536,464,74
44,CUST6735,ACC23736,Loan,Deposit,Credit Card,Firm A,South,Manager 1,24-09-2023,41174.66984,107938.0562,0.166727054,641,209
64,CUST1644,ACC25132,Loan,Payment,Personal Loan,Firm E,South,Manager 4,3/5/2023,58653.33919,109351.6455,0.266395145,539,184
43,CUST6029,ACC57872,Savings,Deposit,Mutual Fund,Firm A,North,Manager 4,13-03-2023,50341.82554,17102.46303,0.504814289,304,54
34,CUST8250,ACC92558,Credit,Withdrawal,Savings Account,Firm A,North,Manager 4,3/4/2023,33468.56508,49362.42836,0.68036189,553,191
27,CUST8416,ACC29396,Credit,Transfer,Credit Card,Firm D,North,Manager 3,30-04-2023,49112.88376,41026.90781,0.134201647,727,129
160,CUST6038,ACC70314,Credit,Transfer,Credit Card,Firm C,East,Manager 2,13-03-2023,102426.2099,30137.74822,0.572837664,599,161
67,CUST7395,ACC19178,Loan,Withdrawal,Credit Card,Firm D,Central,Manager 1,21-02-2024,38054.47923,78377.85749,0.193739432,631,147
160,CUST9129,ACC77592,Current,Payment,Personal Loan,Firm A,West,Manager 1,24-12-2023,58532.42873,95363.46051,0.256366368,650,157
11,CUST7793,ACC70314,Loan,Withdrawal,Savings Account,Firm A,North,Manager 1,25-04-2024,80193.9764,54419.08263,0.604377148,794,43
108,CUST5174,ACC50817,Credit,Deposit,Credit Card,Firm B,West,Manager 2,6/8/2023,74201.22103,48412.34806,0.843711485,339,149
7,CUST6937,ACC48303,Savings,Deposit,Savings Account,Firm D,South,Manager 2,19-11-2023,72174.90521,78521.9503,0.621076999,470,6
20,CUST2842,ACC45907,Current,Deposit,Mutual Fund,Firm C,West,Manager 4,20-06-2023,41924.00019,109760.2652,0.403737324,600,17
125,CUST2109,ACC22036,Current,Deposit,Savings Account,Firm B,South,Manager 1,12/1/2024,60504.95621,141516.9976,0.360891919,518,228
62,CUST5320,ACC57597,Savings,Transfer,Savings Account,Firm B,North,Manager 3,5/2/2023,109048.0835,22530.71485,0.590757359,481,209
33,CUST3306,ACC29646,Loan,Transfer,Home Loan,Firm C,East,Manager 4,8/9/2023,-2711.640499,91243.03453,0.386836723,487,200
191,CUST1609,ACC71426,Savings,Withdrawal,Mutual Fund,Firm C,North,Manager 1,3/3/2023,69499.85618,36542.25014,0.250720952,723,48
98,CUST1888,ACC19156,Savings,Withdrawal,Home Loan,Firm C,South,Manager 4,13-01-2023,358.4241579,91096.957,0.481202452,670,190
144,CUST8874,ACC21878,Savings,Deposit,Home Loan,Firm A,South,Manager 3,9/1/2023,57082.83332,62570.16269,0.465171768,574,65
121,CUST2527,ACC34431,Savings,Withdrawal,Personal Loan,Firm E,Central,Manager 1,21-10-2023,23362.56444,12688.8521,0.942223664,846,197
4,CUST5664,ACC70460,Loan,Payment,Personal Loan,Firm B,North,Manager 2,17-07-2023,-8264.812373,114038.7402,0.696195043,502,232
42,CUST7481,ACC65545,Credit,Transfer,Mutual Fund,Firm D,South,Manager 4,19-07-2023,6116.020637,51256.76325,0.636002446,431,146
47,CUST8765,ACC99549,Savings,Deposit,Credit Card,Firm B,West,Manager 2,18-03-2023,2521.84752,91557.36134,0.338904065,747,110
114,CUST5609,ACC82381,Savings,Payment,Personal Loan,Firm D,East,Manager 4,22-05-2024,58136.33546,123042.188,0.488646796,752,90
127,CUST8266,ACC20297,Loan,Deposit,Savings Account,Firm E,East,Manager 4,21-03-2024,31619.79362,78356.97264,0.651374848,441,239
101,CUST8028,ACC18140,Loan,Withdrawal,Personal Loan,Firm E,South,Manager 4,28-09-2023,56629.18968,65595.07049,0.291864833,785,114
193,CUST3378,ACC54589,Loan,Deposit,Mutual Fund,Firm B,Central,Manager 3,3/5/2023,83335.81336,89446.19094,-0.045419414,381,29
155,CUST4794,ACC77533,Current,Payment,Personal Loan,Firm C,Central,Manager 3,3/3/2023,39045.80506,74658.809,0.413490685,359,160
7,CUST9754,ACC88286,Current,Payment,Home Loan,Firm C,South,Manager 3,1/4/2024,41063.17464,59743.07772,0.081027581,527,135
67,CUST9535,ACC97411,Savings,Transfer,Mutual Fund,Firm D,West,Manager 1,5/2/2023,66911.13337,17836.87139,0.704567047,490,26
129,CUST1887,ACC26940,Savings,Payment,Home Loan,Firm B,Central,Manager 4,10/1/2023,50243.44202,67006.45977,0.140505741,427,132
155,CUST7855,ACC78089,Credit,Deposit,Personal Loan,Firm A,North,Manager 3,9/4/2023,46573.57238,76675.14165,0.737037766,603,21
185,CUST4763,ACC15925,Loan,Withdrawal,Mutual Fund,Firm C,South,Manager 3,24-09-2023,97642.06092,146131.4274,0.457244999,411,168
140,CUST1609,ACC51593,Savings,Transfer,Home Loan,Firm B,North,Manager 2,25-04-2024,44097.49237,59295.67272,-0.318548588,638,234
95,CUST8416,ACC71426,Savings,Withdrawal,Credit Card,Firm A,Central,Manager 4,11/8/2023,37882.86349,60369.07019,0.492877331,555,104
25,CUST1749,ACC31902,Savings,Deposit,Savings Account,Firm C,West,Manager 2,12/2/2023,10610.70486,1982.866973,0.66750948,757,75
26,CUST8279,ACC53466,Current,Withdrawal,Mutual Fund,Firm B,South,Manager 3,8/11/2023,57611.05134,26298.79914,0.383011701,720,62
38,CUST1042,ACC82298,Loan,Transfer,Home Loan,Firm E,North,Manager 2,9/2/2024,107348.8879,66411.94324,0.552300597,676,182
31,CUST8461,ACC61926,Savings,Withdrawal,Credit Card,Firm A,South,Manager 2,6/11/2023,67370.5591,-9976.162775,0.173515991,475,170
130,CUST2018,ACC32627,Savings,Transfer,Savings Account,Firm B,North,Manager 2,2/3/2024,65754.40569,46769.84193,0.331936155,402,174
12,CUST6549,ACC87602,Savings,Deposit,Personal Loan,Firm E,Central,Manager 4,16-08-2023,33793.07918,79417.80854,0.512444641,820,192
194,CUST6391,ACC50817,Loan,Withdrawal,Credit Card,Firm B,West,Manager 3,24-11-2023,47309.85032,105310.2827,0.424885441,610,130
111,CUST4794,ACC60432,Credit,Deposit,Savings Account,Firm A,Central,Manager 2,23-04-2023,61434.23311,64883.66939,0.412225083,645,193
21,CUST6549,ACC91220,Loan,Deposit,Mutual Fund,Firm D,North,Manager 4,15-05-2024,38912.14124,79473.48945,0.262254644,317,90
44,CUST4625,ACC92104,Loan,Transfer,Credit Card,Firm C,Central,Manager 4,21-10-2023,84406.72004,144426.0882,0.255223371,513,174
179,CUST3059,ACC42903,Loan,Transfer,Credit Card,Firm C,South,Manager 3,23-03-2024,68170.31103,119828.3492,0.623643712,478,53
105,CUST2699,ACC69323,Credit,Payment,Credit Card,Firm B,North,Manager 2,19-07-2023,41191.13159,81102.13853,0.683055517,578,76
134,CUST2457,ACC18140,Credit,Transfer,Personal Loan,Firm A,West,Manager 1,17-07-2023,79940.84583,27617.40937,0.389651137,730,13
33,CUST4402,ACC77638,Savings,Withdrawal,Personal Loan,Firm B,West,Manager 4,4/2/2023,34067.10215,61813.55784,0.401513276,724,188
136,CUST6735,ACC45101,Current,Withdrawal,Home Loan,Firm C,Central,Manager 4,29-01-2024,71536.89042,141015.2661,0.262505129,568,206
147,CUST1747,ACC48501,Loan,Withdrawal,Savings Account,Firm D,North,Manager 1,3/4/2023,63188.22804,119369.1959,0.210896137,486,225
40,CUST6210,ACC66086,Loan,Transfer,Credit Card,Firm B,North,Manager 2,8/9/2023,37293.59073,25729.47361,0.738724916,464,34
61,CUST2842,ACC64022,Savings,Payment,Credit Card,Firm B,West,Manager 3,23-08-2023,70150.74275,33394.31307,0.146334251,361,190
33,CUST8772,ACC89098,Current,Deposit,Credit Card,Firm B,South,Manager 1,8/6/2024,76459.33942,104078.9185,0.48797665,396,236
104,CUST1747,ACC78581,Current,Payment,Personal Loan,Firm C,East,Manager 3,22-05-2024,-21431.79684,68450.69969,0.560037773,609,139
154,CUST4780,ACC99117,Loan,Withdrawal,Personal Loan,Firm E,East,Manager 3,18-11-2023,69501.78283,80142.29171,0.490141851,484,206
192,CUST1189,ACC77638,Loan,Payment,Credit Card,Firm C,North,Manager 1,12/2/2023,67716.57249,103658.9583,0.935409529,390,10
40,CUST7255,ACC34821,Loan,Withdrawal,Home Loan,Firm A,North,Manager 3,21-06-2024,36127.89455,64371.93054,0.565994786,761,22
80,CUST4669,ACC49140,Savings,Withdrawal,Savings Account,Firm A,South,Manager 3,17-07-2023,8701.54469,95446.24997,0.449315476,704,104
24,CUST4595,ACC13357,Current,Deposit,Credit Card,Firm C,South,Manager 3,17-02-2023,40511.1453,56392.33333,0.387773525,442,164
147,CUST5253,ACC36079,Current,Withdrawal,Mutual Fund,Firm D,North,Manager 1,25-11-2023,24385.89108,78151.34571,0.401902018,574,141
157,CUST7994,ACC92558,Savings,Payment,Home Loan,Firm A,North,Manager 3,26-03-2023,46360.58433,106331.8237,0.756650286,381,132
105,CUST2541,ACC71388,Current,Withdrawal,Personal Loan,Firm B,North,Manager 1,15-04-2024,61448.81603,11250.32554,0.606606883,397,218
2,CUST7395,ACC30852,Current,Transfer,Personal Loan,Firm D,East,Manager 4,9/12/2023,47335.25073,-13018.4009,0.280604177,320,8
187,CUST1913,ACC31539,Loan,Deposit,Credit Card,Firm A,South,Manager 3,30-03-2024,19692.95911,79177.23192,0.582701115,612,120
166,CUST5574,ACC69323,Savings,Transfer,Mutual Fund,Firm A,Central,Manager 3,15-05-2024,97498.81606,153998.1456,-0.092863672,416,236
199,CUST1114,ACC29477,Current,Withdrawal,Home Loan,Firm D,North,Manager 4,11/6/2024,66885.11528,63060.59013,-0.009580903,707,29
90,CUST3109,ACC69323,Current,Withdrawal,Savings Account,Firm B,East,Manager 3,29-05-2023,60998.49981,81456.37137,0.053815949,727,89
43,CUST2427,ACC19178,Savings,Payment,Mutual Fund,Firm B,West,Manager 1,11/5/2023,-2413.405843,100177.1412,0.621539539,488,236
154,CUST9079,ACC74631,Current,Deposit,Personal Loan,Firm E,West,Manager 1,6/10/2023,74853.44873,61492.1758,0.500092117,528,230
60,CUST4884,ACC34821,Credit,Withdrawal,Savings Account,Firm B,Central,Manager 4,19-10-2023,44762.41984,87793.41555,0.305056291,724,6
170,CUST3725,ACC49140,Current,Transfer,Mutual Fund,Firm A,North,Manager 2,15-04-2024,35604.00941,64096.55092,0.437911784,409,224
54,CUST3762,ACC77533,Loan,Payment,Personal Loan,Firm A,South,Manager 3,26-10-2023,69151.68817,67674.77887,0.228538775,755,56
99,CUST9248,ACC53466,Loan,Deposit,Home Loan,Firm C,Central,Manager 1,28-01-2023,33712.37004,83612.31576,0.222283063,571,199
50,CUST1749,ACC99117,Current,Payment,Personal Loan,Firm E,West,Manager 4,29-11-2023,-24819.84559,101124.9833,0.967252752,628,202
197,CUST8288,ACC50817,Savings,Deposit,Credit Card,Firm A,East,Manager 4,20-10-2023,50251.14555,78474.0741,0.80208457,381,147
123,CUST8772,ACC71938,Savings,Transfer,Personal Loan,Firm C,East,Manager 1,29-11-2023,41023.05294,63956.00071,0.449442815,315,66
74,CUST8660,ACC45968,Savings,Deposit,Savings Account,Firm B,East,Manager 3,30-01-2023,44863.3014,37896.35694,0.428225624,384,47
191,CUST4625,ACC45907,Current,Withdrawal,Savings Account,Firm A,South,Manager 3,26-10-2023,20892.92643,64555.00173,0.423967745,825,66
34,CUST7855,ACC35163,Loan,Payment,Savings Account,Firm B,East,Manager 4,16-02-2023,66607.44994,55988.20172,0.697010834,836,84
83,CUST7493,ACC88286,Current,Transfer,Personal Loan,Firm A,East,Manager 3,15-05-2023,21331.63512,38679.07142,0.2968493,616,144
103,CUST1738,ACC70460,Credit,Transfer,Credit Card,Firm C,West,Manager 2,21-05-2023,52885.17022,51553.06172,0.068066636,549,145
123,CUST4241,ACC67701,Current,Withdrawal,Credit Card,Firm D,North,Manager 4,24-12-2023,40466.38121,86902.24921,0.399323666,766,55
191,CUST3006,ACC42710,Credit,Withdrawal,Personal Loan,Firm D,North,Manager 2,22-05-2024,42486.85263,96525.0702,0.552154325,350,18
158,CUST4438,ACC29646,Savings,Transfer,Personal Loan,Firm E,East,Manager 1,4/10/2023,71580.03048,97994.30234,0.746497587,578,120
92,CUST1776,ACC23985,Loan,Deposit,Home Loan,Firm E,West,Manager 4,4/10/2023,87914.11934,57261.00549,0.561720423,848,211
12,CUST2716,ACC76597,Savings,Transfer,Savings Account,Firm E,North,Manager 1,15-05-2023,60719.08064,73186.95837,0.710208274,839,72
102,CUST2109,ACC78581,Savings,Deposit,Home Loan,Firm A,Central,Manager 3,4/2/2023,46275.23975,74844.8055,0.263249091,784,168
85,CUST1042,ACC71426,Savings,Deposit,Savings Account,Firm B,West,Manager 1,6/3/2023,74553.1927,56412.94011,0.77015527,652,94
6,CUST1888,ACC30787,Loan,Withdrawal,Savings Account,Firm B,North,Manager 2,4/1/2024,-2111.157762,135221.2172,0.133984783,682,9
70,CUST8344,ACC40939,Savings,Transfer,Savings Account,Firm B,East,Manager 1,7/11/2023,46632.88907,91900.48953,0.859096958,390,28
2,CUST4684,ACC66086,Savings,Payment,Personal Loan,Firm E,South,Manager 3,30-03-2024,98544.62891,121738.3359,0.429964969,322,150
197,CUST1376,ACC28612,Current,Payment,Home Loan,Firm A,West,Manager 2,4/2/2023,5888.075883,59561.54341,0.443548199,665,67
46,CUST3041,ACC17688,Credit,Payment,Savings Account,Firm E,Central,Manager 4,22-10-2023,19249.86135,53530.15916,0.509530314,673,101
150,CUST1840,ACC46655,Loan,Deposit,Home Loan,Firm B,West,Manager 4,6/2/2024,25450.25616,56853.43063,0.815175569,544,80
128,CUST9535,ACC70741,Loan,Deposit,Credit Card,Firm A,East,Manager 2,2/1/2023,55959.47156,49168.79499,0.564514285,602,177
187,CUST2805,ACC45951,Savings,Transfer,Home Loan,Firm E,North,Manager 3,20-10-2023,12762.91239,122983.2208,0.35821849,425,181
100,CUST4461,ACC21429,Credit,Transfer,Mutual Fund,Firm E,South,Manager 2,8/5/2023,41938.54796,44332.103,0.142268963,580,67
99,CUST9216,ACC37688,Credit,Deposit,Credit Card,Firm C,West,Manager 3,26-04-2023,32265.69886,44815.23563,0.744535592,738,66
42,CUST8091,ACC97225,Current,Payment,Credit Card,Firm D,East,Manager 4,12/1/2024,30137.9582,34049.62907,0.500113509,554,193
80,CUST5385,ACC95164,Current,Deposit,Home Loan,Firm D,West,Manager 1,18-03-2023,69990.72241,67861.055,0.445912068,401,88
186,CUST6837,ACC83581,Credit,Transfer,Home Loan,Firm A,North,Manager 4,15-01-2023,88917.44451,76745.97369,0.453946242,812,229
78,CUST4884,ACC29356,Current,Deposit,Credit Card,Firm C,South,Manager 2,16-04-2024,35748.19286,87699.70322,0.527262204,445,18
160,CUST4679,ACC66086,Credit,Withdrawal,Personal Loan,Firm B,North,Manager 4,7/6/2024,8261.631187,81314.38776,0.444295751,816,66
4,CUST8529,ACC92360,Credit,Payment,Mutual Fund,Firm E,South,Manager 3,1/1/2024,44638.67956,78439.79544,0.49523207,415,115
134,CUST6391,ACC75767,Savings,Deposit,Savings Account,Firm A,South,Manager 1,21-01-2023,63838.47317,43616.29342,0.5505478,527,175
151,CUST5500,ACC45907,Savings,Deposit,Home Loan,Firm D,North,Manager 1,13-01-2023,28004.85209,77274.9442,0.766506543,435,147
186,CUST8416,ACC42467,Loan,Withdrawal,Mutual Fund,Firm B,East,Manager 4,6/2/2024,24649.26288,139067.0616,0.376146211,484,166
90,CUST1042,ACC32890,Loan,Withdrawal,Mutual Fund,Firm B,Central,Manager 3,5/2/2024,57805.76192,93264.46793,0.102771379,569,107
119,CUST8318,ACC77638,Current,Deposit,Mutual Fund,Firm B,Central,Manager 1,30-04-2023,72351.37574,-4782.075751,0.916202856,721,233
90,CUST9564,ACC32627,Loan,Transfer,Home Loan,Firm D,East,Manager 2,25-04-2024,59329.27707,142287.8965,0.389014038,844,39
96,CUST9754,ACC87006,Credit,Withdrawal,Home Loan,Firm E,Central,Manager 4,31-10-2023,42903.16544,82533.43679,0.463207405,619,56
107,CUST7388,ACC42467,Savings,Withdrawal,Credit Card,Firm E,West,Manager 3,20-06-2023,45555.94562,43897.38784,0.791145887,571,15
153,CUST1569,ACC15925,Loan,Deposit,Home Loan,Firm D,North,Manager 4,12/2/2023,51005.27896,80927.2109,0.570781876,372,63
184,CUST2188,ACC81631,Loan,Payment,Credit Card,Firm D,West,Manager 2,30-09-2023,55165.92296,82661.77214,0.542057869,775,127
170,CUST5916,ACC78178,Credit,Deposit,Mutual Fund,Firm E,East,Manager 4,8/2/2024,64736.42068,52265.78177,0.738865707,474,10
123,CUST9525,ACC57597,Savings,Transfer,Credit Card,Firm C,Central,Manager 4,26-07-2023,37256.51091,-12919.39496,0.254918779,403,69
182,CUST8874,ACC36079,Current,Withdrawal,Home Loan,Firm A,North,Manager 2,22-05-2024,58465.79058,101387.1299,0.222428243,674,160
199,CUST4884,ACC57700,Credit,Deposit,Mutual Fund,Firm E,North,Manager 2,21-03-2024,53133.10495,5286.854704,0.25746812,707,183
97,CUST7933,ACC32890,Current,Transfer,Credit Card,Firm D,East,Manager 1,4/10/2023,106522.3077,31012.22379,0.699245573,785,141
92,CUST1467,ACC96277,Loan,Transfer,Personal Loan,Firm A,Central,Manager 4,25-07-2023,17561.46145,126722.1614,0.543222582,544,165
148,CUST9248,ACC33287,Current,Withdrawal,Home Loan,Firm D,East,Manager 3,5/2/2023,18964.98926,65672.33328,0.281682665,486,148
162,CUST1121,ACC45101,Credit,Payment,Personal Loan,Firm A,East,Manager 2,10/3/2023,52661.55952,80788.20368,0.481878894,547,48
195,CUST4679,ACC11285,Loan,Withdrawal,Personal Loan,Firm B,South,Manager 1,24-05-2024,77545.88069,106139.5827,0.513754381,699,75
12,CUST5545,ACC12182,Loan,Deposit,Home Loan,Firm A,South,Manager 4,4/8/2023,63230.96125,159827.6626,0.522347272,534,70
116,CUST1547,ACC18140,Loan,Withdrawal,Home Loan,Firm D,North,Manager 4,8/6/2024,26241.58008,80386.78069,0.169316926,601,192
197,CUST6029,ACC35419,Credit,Withdrawal,Credit Card,Firm A,East,Manager 4,28-11-2023,13670.6379,84765.88588,0.482314615,776,64
53,CUST5545,ACC26973,Current,Transfer,Personal Loan,Firm B,Central,Manager 4,16-06-2024,71625.996,95513.01232,0.775305545,562,20
10,CUST2412,ACC77773,Savings,Deposit,Home Loan,Firm A,East,Manager 2,22-06-2024,21935.83196,84066.94772,0.172394959,565,27
185,CUST8874,ACC69323,Savings,Deposit,Credit Card,Firm A,Central,Manager 3,26-02-2023,70777.23288,109212.0463,0.589427318,738,49
1,CUST5500,ACC51009,Savings,Withdrawal,Savings Account,Firm B,West,Manager 4,10/3/2023,31344.13086,115611.433,0.501193203,721,76
159,CUST8091,ACC33287,Current,Transfer,Home Loan,Firm A,East,Manager 3,3/3/2023,63389.32028,103104.542,0.22944429,324,113
88,CUST8529,ACC49395,Current,Withdrawal,Savings Account,Firm B,South,Manager 4,21-12-2023,86721.05521,42332.65078,0.337702248,808,133
63,CUST3041,ACC15359,Current,Deposit,Personal Loan,Firm C,North,Manager 3,8/2/2024,55553.11654,76619.15081,0.553541211,831,16
170,CUST2457,ACC18140,Loan,Withdrawal,Credit Card,Firm D,East,Manager 2,8/3/2023,85795.02265,48687.57329,-0.054146092,733,128
94,CUST7028,ACC65144,Loan,Transfer,Mutual Fund,Firm B,East,Manager 2,11/9/2023,34218.85097,50750.88335,0.791936254,531,33
92,CUST6210,ACC51593,Current,Withdrawal,Mutual Fund,Firm C,West,Manager 3,17-01-2023,98120.66545,101532.32,0.415574456,847,85
48,CUST7028,ACC51009,Credit,Deposit,Mutual Fund,Firm C,East,Manager 1,30-12-2023,34175.83602,18783.12858,0.19434215,350,147
156,CUST8772,ACC52650,Current,Deposit,Mutual Fund,Firm D,West,Manager 4,6/6/2023,47790.60072,99646.74885,0.569339694,513,120
145,CUST2578,ACC53466,Current,Withdrawal,Mutual Fund,Firm C,East,Manager 1,25-04-2024,67273.02655,77604.55818,0.190611151,338,47
151,CUST8660,ACC80131,Credit,Withdrawal,Savings Account,Firm A,Central,Manager 3,21-02-2023,73689.55504,95243.71539,0.672011147,631,201
145,CUST4373,ACC34119,Current,Payment,Savings Account,Firm C,Central,Manager 4,8/11/2023,-21711.6824,78311.345,0.358984186,714,135
172,CUST6776,ACC20297,Loan,Payment,Personal Loan,Firm E,Central,Manager 3,16-08-2023,33233.46268,72246.48404,0.211794555,311,138
191,CUST5253,ACC28295,Current,Withdrawal,Home Loan,Firm C,South,Manager 4,16-10-2023,41771.19868,21644.28921,0.587628155,841,42
16,CUST4241,ACC26026,Credit,Withdrawal,Credit Card,Firm C,Central,Manager 2,26-04-2023,95960.61551,39441.55844,-0.069004406,349,177
196,CUST1776,ACC13357,Current,Transfer,Credit Card,Firm B,North,Manager 1,30-12-2023,27122.59886,93391.09922,0.357842033,507,229
165,CUST8318,ACC31902,Current,Payment,Credit Card,Firm D,East,Manager 3,26-05-2023,52370.93477,101509.8132,0.646971699,630,160
152,CUST4201,ACC58667,Savings,Transfer,Home Loan,Firm A,East,Manager 4,4/2/2023,33313.36805,120454.0782,0.578420117,690,151
82,CUST5105,ACC64022,Credit,Payment,Savings Account,Firm C,Central,Manager 3,6/6/2023,32789.18651,127694.5188,0.647078877,771,138
76,CUST7887,ACC11285,Loan,Withdrawal,Savings Account,Firm B,North,Manager 4,8/6/2024,84119.8765,77599.99069,-0.331730512,558,17
175,CUST4855,ACC26026,Savings,Payment,Mutual Fund,Firm D,Central,Manager 4,20-10-2023,63607.02268,77363.06977,0.166295125,375,188
109,CUST2018,ACC29007,Current,Deposit,Home Loan,Firm D,Central,Manager 3,1/7/2023,46721.74116,72216.10234,1.10213337,723,32
29,CUST3602,ACC87602,Credit,Deposit,Mutual Fund,Firm B,South,Manager 2,19-11-2023,86118.13921,19367.88957,0.430427496,355,99
90,CUST6350,ACC36079,Loan,Transfer,Savings Account,Firm D,South,Manager 4,23-02-2023,31584.71374,62741.42889,0.196348384,555,185
21,CUST1644,ACC77533,Credit,Payment,Personal Loan,Firm D,South,Manager 4,24-12-2023,-30826.7398,68006.03943,0.488741614,678,42
135,CUST5428,ACC61926,Current,Withdrawal,Savings Account,Firm C,Central,Manager 4,9/2/2024,-452.0526423,104272.5856,0.757941598,732,107
180,CUST1189,ACC43309,Credit,Withdrawal,Home Loan,Firm E,West,Manager 4,9/12/2023,52801.21479,45258.85525,0.64717423,776,206
171,CUST4258,ACC88074,Loan,Withdrawal,Savings Account,Firm E,South,Manager 3,4/5/2024,75114.0567,102018.3851,0.368102116,483,58
130,CUST6525,ACC97225,Credit,Withdrawal,Mutual Fund,Firm A,East,Manager 4,12/3/2024,28214.32083,125519.3112,0.32605426,724,218
106,CUST2527,ACC39529,Current,Transfer,Home Loan,Firm C,West,Manager 3,26-05-2023,29268.18225,13177.01438,0.567888217,432,136
75,CUST4763,ACC60432,Savings,Transfer,Mutual Fund,Firm A,North,Manager 4,6/3/2023,51599.86914,71368.05926,0.7422605,565,80
17,CUST9525,ACC10117,Loan,Transfer,Savings Account,Firm C,North,Manager 1,25-11-2023,56317.92006,90780.25664,0.27971152,769,137
71,CUST8765,ACC42903,Loan,Deposit,Mutual Fund,Firm B,East,Manager 1,4/10/2023,90395.10944,47248.10791,0.886982617,644,219
55,CUST4258,ACC21429,Savings,Transfer,Mutual Fund,Firm C,Central,Manager 4,24-09-2023,58988.15624,68573.35157,0.686025624,473,175
133,CUST2349,ACC29477,Savings,Withdrawal,Savings Account,Firm C,South,Manager 2,7/3/2023,38849.46094,79138.60034,0.476269114,782,93
38,CUST4438,ACC21264,Loan,Deposit,Credit Card,Firm B,East,Manager 1,21-11-2023,56732.60703,60770.64935,0.04968377,743,113
92,CUST4794,ACC94203,Loan,Payment,Home Loan,Firm C,East,Manager 4,19-09-2023,48202.09175,113122.1123,0.262810971,306,48
152,CUST2842,ACC34119,Savings,Payment,Mutual Fund,Firm B,North,Manager 1,28-01-2023,31786.7172,86371.14846,0.310832107,424,213
6,CUST9038,ACC88516,Credit,Deposit,Personal Loan,Firm B,Central,Manager 3,4/2/2024,47445.17142,120804.1806,0.206328593,829,203
176,CUST5894,ACC19156,Savings,Transfer,Savings Account,Firm D,Central,Manager 2,14-02-2023,72513.33434,101526.8039,0.385079644,726,75
97,CUST7028,ACC62446,Credit,Withdrawal,Home Loan,Firm E,North,Manager 4,24-11-2023,81948.29682,43711.65316,0.258121571,524,18
170,CUST1840,ACC16241,Credit,Withdrawal,Credit Card,Firm D,Central,Manager 1,21-05-2023,26633.35311,61091.2612,0.798252987,749,105
76,CUST9564,ACC21878,Current,Deposit,Personal Loan,Firm E,North,Manager 4,15-04-2024,57734.38952,117544.1994,0.404978994,553,193
195,CUST1121,ACC92558,Loan,Transfer,Mutual Fund,Firm E,Central,Manager 2,15-05-2024,48734.57565,36663.43494,0.191910168,354,235
7,CUST5500,ACC82298,Credit,Withdrawal,Home Loan,Firm C,North,Manager 3,30-03-2024,39161.11196,75463.16424,0.20344904,614,184
122,CUST4595,ACC21429,Current,Withdrawal,Home Loan,Firm C,Central,Manager 1,4/8/2023,56467.08368,111902.0152,0.772852536,467,108
37,CUST5351,ACC32890,Current,Transfer,Home Loan,Firm D,East,Manager 3,19-07-2023,73070.42971,52649.24066,0.649296341,344,144
83,CUST1415,ACC92558,Loan,Deposit,Credit Card,Firm E,South,Manager 2,9/2/2024,75970.05849,78412.84584,0.293420525,602,92
163,CUST5121,ACC16241,Loan,Transfer,Personal Loan,Firm B,West,Manager 1,8/5/2023,48236.5773,86398.09812,0.971970591,636,16
132,CUST4763,ACC75767,Savings,Transfer,Home Loan,Firm C,Central,Manager 1,13-06-2024,8810.952478,68569.08637,0.402361489,412,32
54,CUST5253,ACC61926,Current,Withdrawal,Credit Card,Firm C,South,Manager 3,14-07-2023,58021.63324,43922.36706,0.38111112,327,121
118,CUST1747,ACC45907,Credit,Payment,Credit Card,Firm D,South,Manager 3,15-01-2023,58217.44696,11294.67826,0.60048462,812,20
30,CUST1376,ACC97225,Current,Payment,Home Loan,Firm C,East,Manager 3,1/1/2024,15125.01626,91956.65018,0.224301099,622,110
151,CUST9666,ACC89098,Savings,Deposit,Savings Account,Firm A,East,Manager 4,16-02-2023,39573.23936,44216.33465,0.395845649,427,106
6,CUST5610,ACC15228,Savings,Withdrawal,Savings Account,Firm D,North,Manager 1,12/2/2023,53057.53172,108572.4685,0.23457614,342,131
184,CUST3810,ACC45521,Savings,Transfer,Mutual Fund,Firm E,East,Manager 1,20-04-2024,52457.13204,78124.40626,0.765699315,629,114
105,CUST5558,ACC77592,Savings,Deposit,Credit Card,Firm A,North,Manager 1,30-01-2023,39199.32581,56532.36744,0.591639785,733,56
8,CUST4003,ACC75675,Credit,Withdrawal,Mutual Fund,Firm E,North,Manager 3,12/1/2023,54698.83777,66886.44855,0.700779811,620,191
96,CUST2349,ACC61926,Credit,Payment,Credit Card,Firm D,South,Manager 3,4/5/2023,50968.98224,44763.86021,0.53210768,342,215
25,CUST9066,ACC82298,Loan,Transfer,Mutual Fund,Firm E,North,Manager 2,6/6/2023,63867.23645,84870.91663,0.633533413,789,196
92,CUST6292,ACC71426,Loan,Deposit,Mutual Fund,Firm E,West,Manager 2,4/8/2023,36122.44943,74272.92365,0.371747649,736,215
40,CUST4669,ACC74656,Current,Withdrawal,Savings Account,Firm A,East,Manager 4,28-01-2023,65214.97531,78890.87996,0.360181944,453,39
39,CUST7933,ACC73104,Savings,Deposit,Home Loan,Firm C,West,Manager 3,14-07-2023,123955.6078,67783.15051,0.393046255,781,217
123,CUST4855,ACC60432,Credit,Withdrawal,Savings Account,Firm C,East,Manager 2,10/6/2023,4219.630951,102252.3092,0.168625014,321,94
158,CUST9666,ACC75767,Loan,Transfer,Home Loan,Firm E,Central,Manager 4,30-04-2023,101454.1862,114381.1893,0.436110319,335,161
44,CUST3609,ACC94203,Savings,Payment,Home Loan,Firm C,North,Manager 4,21-06-2024,38057.20504,69875.11239,0.060674198,380,192
191,CUST6837,ACC46655,Current,Deposit,Mutual Fund,Firm E,West,Manager 2,16-06-2024,-29563.97803,49810.32678,0.517913405,466,150
135,CUST7173,ACC83848,Credit,Deposit,Mutual Fund,Firm A,North,Manager 4,8/11/2023,62067.21628,54349.22441,0.346532059,835,185
104,CUST7255,ACC31902,Loan,Payment,Mutual Fund,Firm C,South,Manager 1,21-03-2024,18906.4288,60558.44441,0.242236583,824,188
81,CUST4780,ACC24070,Current,Deposit,Home Loan,Firm D,East,Manager 3,30-09-2023,34924.07278,89125.63528,0.735860182,788,43
164,CUST7994,ACC43309,Loan,Transfer,Mutual Fund,Firm A,West,Manager 4,6/9/2023,63674.70894,89368.30147,0.542741433,695,189
126,CUST1609,ACC91723,Current,Deposit,Credit Card,Firm B,South,Manager 1,17-01-2024,67632.86991,80801.8776,0.718670388,364,11
116,CUST9209,ACC39529,Loan,Withdrawal,Home Loan,Firm A,South,Manager 3,5/2/2024,52626.49035,137522.6098,0.501574349,720,220
18,CUST7933,ACC88516,Savings,Payment,Credit Card,Firm A,West,Manager 3,5/5/2023,48136.71078,45803.34809,0.324457506,667,102
96,CUST5558,ACC32212,Credit,Transfer,Personal Loan,Firm C,West,Manager 4,3/5/2023,93871.94098,93847.41508,0.531768533,326,51
102,CUST5558,ACC58078,Loan,Payment,Credit Card,Firm B,North,Manager 2,30-07-2023,50989.07335,14772.52741,0.324304913,386,8
86,CUST9439,ACC32212,Loan,Payment,Savings Account,Firm A,South,Manager 4,1/4/2024,73928.53843,48320.93929,0.209848715,736,7
89,CUST5320,ACC35163,Savings,Withdrawal,Personal Loan,Firm B,Central,Manager 2,25-07-2023,66183.88958,58880.85452,0.511340822,474,235
81,CUST4763,ACC75675,Loan,Payment,Mutual Fund,Firm C,East,Manager 1,6/3/2023,28422.89166,83680.00342,0.55310756,822,189
180,CUST8318,ACC66190,Credit,Withdrawal,Mutual Fund,Firm B,North,Manager 4,14-04-2023,39771.28883,77639.14311,0.174645512,817,173
24,CUST9528,ACC58667,Current,Deposit,Credit Card,Firm C,North,Manager 4,17-08-2023,82411.60996,25212.83961,0.410724313,534,206
96,CUST7098,ACC11062,Savings,Deposit,Personal Loan,Firm E,Central,Manager 3,11/5/2023,61603.77231,76772.87576,0.922803337,376,29
184,CUST9525,ACC76699,Savings,Deposit,Savings Account,Firm A,Central,Manager 4,25-04-2024,36243.30006,123819.6223,0.319310364,733,196
117,CUST9564,ACC92360,Credit,Payment,Credit Card,Firm A,South,Manager 4,11/5/2023,48713.17237,78647.93476,0.433835242,764,159
189,CUST1223,ACC46953,Current,Deposit,Personal Loan,Firm E,East,Manager 2,9/1/2023,67572.87562,93340.13398,0.316700386,312,99
120,CUST4373,ACC50817,Credit,Deposit,Home Loan,Firm E,South,Manager 4,17-02-2023,66818.41488,125994.8046,0.375328397,837,103
111,CUST1189,ACC99549,Loan,Withdrawal,Personal Loan,Firm A,Central,Manager 3,6/4/2024,68150.18631,60628.36475,0.382550528,666,118
19,CUST3609,ACC81631,Loan,Payment,Personal Loan,Firm A,North,Manager 4,17-06-2023,48959.47031,94767.35381,0.542357664,786,174
100,CUST9525,ACC75675,Credit,Payment,Personal Loan,Firm A,East,Manager 4,30-04-2023,86278.45441,11564.20947,0.384722763,431,217
70,CUST6837,ACC77773,Loan,Transfer,Mutual Fund,Firm A,East,Manager 3,17-12-2023,33243.89202,102909.3905,0.533287723,529,224
187,CUST4625,ACC50439,Savings,Transfer,Savings Account,Firm A,Central,Manager 2,12/2/2023,9722.474784,59558.14711,0.373617033,759,179
73,CUST1913,ACC33287,Current,Transfer,Personal Loan,Firm B,East,Manager 4,11/8/2023,104219.3432,67057.5521,0.491280451,513,63
163,CUST1747,ACC92104,Savings,Deposit,Savings Account,Firm A,West,Manager 1,6/8/2023,147447.2951,101759.2985,0.099625832,421,86
160,CUST4794,ACC97411,Savings,Withdrawal,Credit Card,Firm C,South,Manager 3,8/11/2023,46952.47338,118079.1365,0.507088371,389,159
21,CUST3762,ACC23736,Credit,Payment,Savings Account,Firm B,Central,Manager 4,6/1/2023,31731.60729,25566.17249,0.644376271,649,82
16,CUST3810,ACC65545,Loan,Payment,Home Loan,Firm D,North,Manager 2,15-01-2023,60138.38331,136450.9224,0.815339047,644,39
163,CUST6029,ACC61827,Current,Payment,Mutual Fund,Firm D,West,Manager 3,15-01-2023,92080.10398,80602.28648,0.769898933,731,223
17,CUST3315,ACC51593,Savings,Payment,Savings Account,Firm E,East,Manager 3,14-04-2023,10471.27873,60242.51363,0.617837309,430,214
102,CUST4373,ACC57700,Loan,Withdrawal,Personal Loan,Firm A,West,Manager 4,21-04-2024,72713.06247,-1164.041546,0.280531102,439,82
128,CUST9420,ACC37688,Credit,Transfer,Personal Loan,Firm E,East,Manager 4,6/9/2023,25736.94519,78224.09708,0.449210231,380,39
12,CUST1223,ACC21719,Savings,Transfer,Mutual Fund,Firm D,East,Manager 4,23-04-2023,17180.88886,104487.0881,0.436645932,408,48
171,CUST9038,ACC42710,Loan,Deposit,Home Loan,Firm A,North,Manager 1,23-08-2023,79447.28238,68676.13532,0.335639971,494,158
157,CUST3602,ACC20297,Loan,Payment,Personal Loan,Firm B,West,Manager 3,24-12-2023,20849.35003,53193.95026,0.376917333,604,135
133,CUST1189,ACC61926,Credit,Payment,Savings Account,Firm E,East,Manager 3,21-01-2023,44286.16412,77128.09126,0.412498167,503,96
183,CUST7855,ACC94242,Savings,Deposit,Mutual Fund,Firm D,South,Manager 4,22-03-2024,77535.6057,93087.01524,0.822875961,463,43
198,CUST6082,ACC11285,Savings,Transfer,Mutual Fund,Firm D,Central,Manager 2,6/2/2024,80884.54137,119532.1173,0.613797984,396,193
195,CUST9535,ACC49395,Current,Deposit,Credit Card,Firm D,East,Manager 4,17-06-2023,15946.36466,58586.09273,0.645046012,357,110
5,CUST9038,ACC58078,Current,Transfer,Credit Card,Firm B,South,Manager 2,14-04-2023,28941.09657,88013.62411,0.706952032,615,137
152,CUST9535,ACC88516,Loan,Deposit,Credit Card,Firm E,South,Manager 1,6/6/2023,44104.19984,72429.63056,0.389899968,715,110
76,CUST2915,ACC80442,Credit,Deposit,Savings Account,Firm B,North,Manager 1,19-07-2023,17241.21455,65006.67606,0.842274268,426,230
184,CUST7395,ACC74656,Current,Withdrawal,Savings Account,Firm E,South,Manager 4,23-03-2024,87001.62481,139305.2908,0.42755394,518,191
170,CUST3069,ACC13357,Credit,Deposit,Savings Account,Firm E,South,Manager 4,13-02-2024,65373.04375,106595.4628,0.445661281,841,87
196,CUST7098,ACC88449,Credit,Payment,Personal Loan,Firm E,South,Manager 1,28-03-2024,57645.31465,67248.48149,1.003705532,438,171
141,CUST8266,ACC24880,Current,Withdrawal,Home Loan,Firm D,East,Manager 4,16-04-2024,41857.57545,77720.09861,0.477331335,551,128
155,CUST4360,ACC13357,Current,Deposit,Personal Loan,Firm C,North,Manager 2,17-06-2023,82316.04434,78440.49628,0.896097123,560,174
44,CUST3449,ACC58078,Savings,Payment,Credit Card,Firm E,North,Manager 4,17-01-2023,77315.36547,87383.55857,0.697739622,414,82
52,CUST2349,ACC16664,Savings,Withdrawal,Mutual Fund,Firm E,South,Manager 2,7/11/2023,75653.2857,100134.3969,0.417859344,529,220
101,CUST4794,ACC83581,Savings,Deposit,Home Loan,Firm C,North,Manager 3,17-06-2023,45339.9531,87818.4831,0.756298313,536,187
21,CUST7793,ACC55331,Loan,Payment,Credit Card,Firm B,Central,Manager 4,13-03-2023,14766.1482,88446.17973,0.125511049,645,133
79,CUST4258,ACC28295,Loan,Payment,Home Loan,Firm C,South,Manager 1,11/4/2023,22142.75544,68873.04933,0.595514096,575,142
199,CUST3306,ACC55729,Credit,Withdrawal,Personal Loan,Firm D,North,Manager 2,29-05-2023,42566.35478,27723.10675,0.877181495,748,170
43,CUST2915,ACC45907,Loan,Withdrawal,Savings Account,Firm E,East,Manager 3,26-07-2023,17331.90707,-3430.668059,0.708867861,437,195
118,CUST1747,ACC57700,Savings,Transfer,Savings Account,Firm B,East,Manager 3,14-04-2023,86890.70264,48344.70662,0.772669936,447,142
199,CUST1913,ACC29477,Loan,Deposit,Savings Account,Firm A,Central,Manager 3,10/1/2023,46529.7813,112426.5399,0.706878679,757,188
176,CUST9439,ACC23736,Current,Withdrawal,Mutual Fund,Firm B,East,Manager 1,26-07-2023,80564.28128,113904.9647,0.660704295,323,180
8,CUST6526,ACC42710,Current,Withdrawal,Mutual Fund,Firm B,West,Manager 2,8/9/2023,66500.72676,46823.74816,0.195709317,669,31
147,CUST1888,ACC12334,Loan,Withdrawal,Savings Account,Firm D,South,Manager 2,19-10-2023,20155.25344,62873.50969,0.841692568,828,177
128,CUST6028,ACC15359,Loan,Deposit,Mutual Fund,Firm E,North,Manager 1,1/7/2023,58654.234,75815.87721,0.665975941,714,54
157,CUST4669,ACC60432,Savings,Payment,Mutual Fund,Firm D,South,Manager 1,19-10-2023,48421.88942,66198.93811,0.788693586,598,180
63,CUST4373,ACC10996,Credit,Deposit,Savings Account,Firm B,South,Manager 1,1/7/2023,81608.80093,67810.12401,0.50536544,694,103
81,CUST3602,ACC83848,Savings,Payment,Credit Card,Firm C,Central,Manager 4,14-03-2024,22934.37608,52245.66654,0.864445808,308,75
195,CUST3762,ACC49140,Current,Deposit,Home Loan,Firm C,West,Manager 2,15-05-2023,80810.26311,81697.14393,0.364910773,843,11
35,CUST1747,ACC83005,Current,Payment,Mutual Fund,Firm E,North,Manager 3,18-03-2023,30631.05501,73349.7252,0.6473452,711,8
182,CUST4126,ACC74656,Loan,Transfer,Mutual Fund,Firm B,North,Manager 1,1/6/2023,112905.1603,29411.83884,0.59175718,739,189
55,CUST1768,ACC49180,Savings,Withdrawal,Savings Account,Firm E,South,Manager 2,2/3/2024,37023.53295,91832.48787,0.883788374,306,125
136,CUST1415,ACC11285,Loan,Transfer,Credit Card,Firm C,East,Manager 4,25-04-2024,37051.79583,58156.04934,0.531131881,341,68
155,CUST1747,ACC11285,Savings,Withdrawal,Home Loan,Firm C,East,Manager 2,20-11-2023,58554.13642,162335.7773,0.622845309,661,100
53,CUST3131,ACC29356,Loan,Deposit,Credit Card,Firm A,South,Manager 1,18-08-2023,61218.30248,33466.40272,0.191351897,480,89
126,CUST1749,ACC26940,Credit,Withdrawal,Home Loan,Firm E,South,Manager 1,3/5/2023,47124.08108,71338.24478,0.887947467,798,124
131,CUST9843,ACC24070,Credit,Deposit,Credit Card,Firm C,East,Manager 4,11/6/2024,62022.50925,24810.78975,0.257597151,533,103
160,CUST1415,ACC51593,Savings,Transfer,Credit Card,Firm A,Central,Manager 3,26-09-2023,19837.31174,54151.46617,0.505828984,414,75
6,CUST6082,ACC42903,Savings,Withdrawal,Personal Loan,Firm B,South,Manager 3,13-03-2023,72291.88568,70454.37591,0.277644614,723,89
119,CUST4461,ACC15671,Credit,Payment,Savings Account,Firm D,Central,Manager 3,17-12-2023,42941.2495,55549.10968,0.339423673,559,235
51,CUST9216,ACC45951,Savings,Deposit,Savings Account,Firm D,South,Manager 2,21-11-2023,45094.6069,60020.29637,0.411727007,734,39
39,CUST5558,ACC52131,Current,Payment,Credit Card,Firm A,East,Manager 4,17-06-2023,98156.09257,76936.93579,0.892961222,436,63
26,CUST1121,ACC34119,Current,Deposit,Savings Account,Firm B,North,Manager 4,2/1/2023,39180.29884,52870.35248,0.343121821,371,97
137,CUST6292,ACC67713,Savings,Deposit,Mutual Fund,Firm D,East,Manager 2,26-04-2023,16867.63223,90758.67979,-0.014913688,562,227
143,CUST1840,ACC91220,Loan,Payment,Mutual Fund,Firm D,East,Manager 3,19-03-2024,63233.62896,78570.58109,0.736616755,462,183
174,CUST7651,ACC28295,Credit,Withdrawal,Mutual Fund,Firm D,Central,Manager 1,22-08-2023,39646.40026,1620.278152,0.539193445,617,141
109,CUST8318,ACC64022,Credit,Transfer,Personal Loan,Firm C,South,Manager 1,18-06-2023,78560.07607,39738.36334,0.296003726,588,165
62,CUST7730,ACC55331,Credit,Payment,Home Loan,Firm E,North,Manager 4,17-02-2023,116048.6266,94734.88512,0.533112564,676,110
194,CUST5320,ACC69323,Credit,Withdrawal,Credit Card,Firm E,West,Manager 2,24-10-2023,21729.42164,71305.75825,0.680500381,716,69
5,CUST3609,ACC95774,Loan,Payment,Savings Account,Firm B,West,Manager 2,11/5/2023,92621.19713,50879.05121,0.688018278,488,115
161,CUST6526,ACC99117,Savings,Transfer,Savings Account,Firm C,Central,Manager 2,12/1/2024,59411.73844,124788.5269,0.29617315,585,22
115,CUST6210,ACC53466,Savings,Payment,Mutual Fund,Firm B,Central,Manager 2,17-11-2023,35872.10329,32853.19459,0.830105332,641,227
56,CUST5545,ACC15671,Credit,Payment,Credit Card,Firm A,East,Manager 3,13-09-2023,110061.1202,22831.01708,1.049851097,827,87
123,CUST1555,ACC34431,Loan,Transfer,Credit Card,Firm D,East,Manager 2,19-07-2023,33099.87085,88226.97312,0.255820514,747,153
170,CUST8765,ACC88449,Credit,Deposit,Credit Card,Firm D,West,Manager 4,18-06-2023,65109.23132,31927.59103,0.391869967,456,175
120,CUST9525,ACC29646,Current,Transfer,Personal Loan,Firm A,West,Manager 4,24-05-2023,62994.78822,121839.1646,0.34789241,719,58
150,CUST7933,ACC78089,Savings,Payment,Mutual Fund,Firm B,South,Manager 2,1/6/2023,39567.88778,32626.65947,0.579067887,514,83
157,CUST4346,ACC48303,Savings,Payment,Mutual Fund,Firm E,North,Manager 3,9/4/2023,105645.9675,13571.39382,0.507578079,815,8
46,CUST7120,ACC42710,Current,Transfer,Mutual Fund,Firm B,North,Manager 4,22-03-2024,113961.3733,90617.07646,-0.037634281,338,203
79,CUST5574,ACC89098,Current,Withdrawal,Savings Account,Firm D,North,Manager 1,22-10-2023,-6892.749584,71282.75779,0.143038349,818,200
189,CUST9754,ACC86784,Loan,Deposit,Mutual Fund,Firm B,West,Manager 4,28-11-2023,45433.51064,103798.7524,0.2459643,528,239
175,CUST3725,ACC34119,Loan,Withdrawal,Savings Account,Firm D,South,Manager 2,23-04-2023,76045.70621,60390.12224,0.582511164,331,89
